,ID,書名,library,agent,經手方式,地點,Location,location_std,時間,Time,次序,來源,錄入員,錄入時間,location_std_new
0,fff33db7-ae5b-4217-9c25-92ba6e1848fa,論語注疏,誌書精舍,顧然,收藏,江蘇崑山,江蘇崑山,中國-江蘇-崑山,南宋理宗時期,1205-1264,1,(卷1)<FFF33DB7/pics/藏書印_槜李顧然雝叔.jpg>(卷1)<FFF33DB7/pics/藏書印_顧氏定齋藏書.jpg>(卷3末)<FFF33DB7/pics/藏書印_定齋.jpg>(卷3末)<FFF33DB7/pics/藏書印_誌書精舍.jpg>,張三,2022年8月20日,中國-江蘇-崑山
1,fff33db7-ae5b-4217-9c25-92ba6e1848fa,論語注疏,金澤文庫,,,日本神奈川縣橫濱市金澤區金澤町,日本神奈川縣橫濱市金澤區金澤町,日本-神奈川-橫濱-金澤,北条實時之後,>1224,2,(卷4)<FFF33DB7/pics/藏書印_金澤文庫.jpg>,張三,2022年8月20日,日本-神奈川-橫濱-金澤
2,fff33db7-ae5b-4217-9c25-92ba6e1848fa,論語注疏,楓山官庫,,,日本東京,日本東京,日本-東京-千代田,,>1602,3,,張三,2022年8月20日,日本-東京-千代田
3,fff33db7-ae5b-4217-9c25-92ba6e1848fa,論語注疏,太政官文庫,,,日本東京,日本東京,日本-東京-千代田-北之丸公園,明治初,>1884,4,(卷1)<FFF33DB7/pics/藏書印_祕閣圖書之章.jpg>,張三,2022年8月20日,日本-東京-千代田-北之丸公園
4,fff33db7-ae5b-4217-9c25-92ba6e1848fa,論語注疏,内閣文庫,,,日本東京,日本東京,日本-東京-千代田-北之丸公園,明治初,>1885,5,,張三,2022年8月20日,日本-東京-千代田-北之丸公園
5,fff33db7-ae5b-4217-9c25-92ba6e1848fa,論語注疏,宮内省圖書寮,,,日本東京,日本東京,日本-東京-千代田-皇居,1891,>1891,6,,張三,2022年8月20日,日本-東京-千代田-皇居
6,4ad5eb22-ef20-48fb-8357-40e90e0ef54a,文選（明州本）,,趙善繼/盧欽,校正刊刻,地點,浙江寧波,中國-浙江-寧波,紹興二十八年,1158,1,(卷60末)<4AD5EB22/pics/刊記_右文選.jpg>,張三,2022年8月20日,中國-浙江-寧波
7,4ad5eb22-ef20-48fb-8357-40e90e0ef54a,文選（明州本）,,菅原在輔,收藏?/題識,日本,日本,日本,正和二年,1313,2,(卷34)<4AD5EB22/pics/題識_正和二年.jpg>,張三,2022年8月20日,日本
8,4ad5eb22-ef20-48fb-8357-40e90e0ef54a,文選（明州本）,京都妙覺寺,日典,題識/訓點,日本京都,日本京都,日本-京都,文祿元年以前,<1592,3,(總目錄末)<4AD5EB22/pics/題識_斯書本僧日典.jpg>(卷20)<4AD5EB22/pics/其他_妙覺寺常住日典.jpg>,張三,2022年8月20日,日本-京都
9,4ad5eb22-ef20-48fb-8357-40e90e0ef54a,文選（明州本）,,林宗二,題識/訓點,日本奈良,日本奈良,日本-奈良,永祿九年丙寅四月十六日,1566,4,(卷20末)<4AD5EB22/pics/題識_先年稱名院殿.jpg>,張三,2022年8月20日,日本-奈良
10,4ad5eb22-ef20-48fb-8357-40e90e0ef54a,文選（明州本）,,,題識,日本,日本,日本,明治二十一年,1888,5,(卷60末)<4AD5EB22/pics/題識_右文選.jpg>,張三,2022年8月20日,日本
11,4ad5eb22-ef20-48fb-8357-40e90e0ef54a,文選（明州本）,宮内省圖書寮,,,日本東京,日本東京,日本-東京-千代田-皇居,,>1891,6,(總目錄)<4AD5EB22/pics/藏書印_宮內省圖書印.jpg>,張三,2022年8月20日,日本-東京-千代田-皇居
12,4ad5eb22-ef20-48fb-8357-40e90e0ef54a,文選（明州本）,宮内省圖書寮,芝野六助,題識,日本東京,日本東京,日本-東京-千代田-皇居,大正十一年壬戌冬,1922,7,(總目錄末)<4AD5EB22/pics/題識_斯書本僧日典.jpg>,張三,2022年8月20日,日本-東京-千代田-皇居
13,7759a62a-5366-4a68-9932-6f57bb805a5e,大方廣佛華嚴經,京都高山寺,,收藏,日本京都,日本京都,日本-京都,建永元年之後,>1206,1,(序)<7759A62A/pics/藏書印_高山寺.jpg>,杜怡然,44849,日本-京都
14,7759a62a-5366-4a68-9932-6f57bb805a5e,大方廣佛華嚴經,宮内廳書陵部,,,日本東京,日本東京,日本-東京-千代田-皇居,,,2,,杜怡然,44849,日本-東京-千代田-皇居
15,cd627f44-bfcd-4520-a5a9-26d551a80783,禪宗頌古聯珠通集,,,題跋,中國？,中國？,中國,,,1,(卷1)<CD627F44/pics/題跋_右佛菩薩部.jpg>,杜怡然,44849,中國
16,cd627f44-bfcd-4520-a5a9-26d551a80783,禪宗頌古聯珠通集,金地院,,收藏,日本京都,日本京都,日本-京都,元和五年之後,>1619,2,(序2)<CD627F44/pics/藏書印_金地院.jpg>,杜怡然,44849,日本-京都
17,cd627f44-bfcd-4520-a5a9-26d551a80783,禪宗頌古聯珠通集,,,抄補,日本？,日本？,日本,,,3,(卷1)<CD627F44/pics/正文_西嚴惠.jpg>(卷1)<CD627F44/pics/正文_增收楞嚴經.jpg>,杜怡然,44849,日本
18,cd627f44-bfcd-4520-a5a9-26d551a80783,禪宗頌古聯珠通集,,,訓點/批校,日本,日本,日本,,,4,(卷1)<CD627F44/pics/正文_正法輪.jpg>(卷1)<CD627F44/pics/正文_辛夷非華也.jpg>,杜怡然,44849,日本
19,cd627f44-bfcd-4520-a5a9-26d551a80783,禪宗頌古聯珠通集,宮内省圖書寮,,,日本東京,日本東京,日本-東京-千代田-皇居,,>1891,5,(序1)<CD627F44/pics/藏書印_御府圖書.jpg>,杜怡然,44849,日本-東京-千代田-皇居
20,cd627f44-bfcd-4520-a5a9-26d551a80783,禪宗頌古聯珠通集,宮内廳書陵部,,,日本東京,日本東京,日本-東京-千代田-皇居,,,6,,杜怡然,44849,日本-東京-千代田-皇居
21,c3f700e1-8acb-4a2f-a384-cdc9ed282e79,禮記集說,楓山文庫,,,日本江戶紅葉山,日本東京紅葉山,日本-東京,,1602-1877,1,,黃漢,44849,日本-東京
22,c3f700e1-8acb-4a2f-a384-cdc9ed282e79,禮記集說,太政官文庫,,,日本江戶紅葉山,日本東京紅葉山,日本-東京-千代田-北之丸公園,明治初,>1884,2,(卷首凡例葉)<C3F70/pics/藏書印_秘閣圖書之章.png,黃漢,44849,日本-東京-千代田-北之丸公園
23,c3f700e1-8acb-4a2f-a384-cdc9ed282e79,禮記集說,内閣文庫,,,日本東京都赤坂離宮,日本東京都港區赤坂離宮,日本-東京-千代田-北之丸公園,明治初,>1885,3,,黃漢,44849,日本-東京-千代田-北之丸公園
24,c3f700e1-8acb-4a2f-a384-cdc9ed282e79,禮記集說,宮内省圖書寮,,,日本東京都千代田區皇居,日本東京都千代田區皇居,日本-東京-千代田-皇居,1891,>1891,4,(卷首凡例葉)<C3F70/pics/藏書印_御府圖書.png,黃漢,44849,日本-東京-千代田-皇居
25,c3f700e1-8acb-4a2f-a384-cdc9ed282e79,禮記集說,宮内省書陵部,,,日本東京都千代田區皇居,日本東京都千代田區皇居,日本-東京-千代田-皇居,,>1945,5,,黃漢,44849,日本-東京-千代田-皇居
26,10fda974-d969-479d-9901-84ef04596622,孝經,,狩谷棭齋,收藏,日本東京,日本東京,日本-東京,,1775-1835,1,"(卷首副葉)<10FDA/pics/藏書印_棭齋.png>(卷首副葉)<10FDA/pics/藏書印_狩谷望之.png>(卷末副葉)<
10FDA/pics/藏書印_狩谷望之審定宋本.png>(卷末副葉)<10FDA/pics/藏書印_湯島狩谷氏求古楼圖書記.png>",黃漢,44849,日本-東京
27,10fda974-d969-479d-9901-84ef04596622,孝經,,木村正辭,收藏,日本東京,日本東京,日本-東京,,1835-1907,2,,黃漢,44849,日本-東京
28,10fda974-d969-479d-9901-84ef04596622,孝經,宮内省圖書寮,,,日本東京都千代田區皇居,日本東京都千代田區皇居,日本-東京-千代田-皇居,,>1907,3,(卷首序葉)<10FDA/pics/藏書印_宮內省圖書印.png>,黃漢,44849,日本-東京-千代田-皇居
29,10fda974-d969-479d-9901-84ef04596622,孝經,宮内省書陵部,,,日本東京都千代田區皇居,日本東京都千代田區皇居,日本-東京-千代田-皇居,,>1945,4,,黃漢,44849,日本-東京-千代田-皇居
30,0733a8bb-7164-46b3-adab-c4a0d6595be8,爾雅注疏,,范履祥,收藏,中國,中國,中國,明代,1368-1644,1,(卷2首葉)<0733A/pics/藏書印_明范履祥.png>,黃漢,44849,中國
31,0733a8bb-7164-46b3-adab-c4a0d6595be8,爾雅注疏,昌平坂學問所,,,日本東京,日本東京文京區湯島,日本-東京-文京-湯島,文政元年,1852-1874,2,(卷1末葉)<0733A/pics/藏書印_昌平坂學問所.png>(卷1末葉)<0733A/pics/藏書印_文政戊寅.png>,黃漢,44849,日本-東京-文京-湯島
32,0733a8bb-7164-46b3-adab-c4a0d6595be8,爾雅注疏,淺草文庫,,,日本東京都忍岡,日本東京都台東區上野,日本-東京-台東-藏前町,,1874-1884,3,(卷1首葉)<0733A/pics/藏書印_淺草文庫.png>,黃漢,44849,日本-東京-台東-藏前町
33,0733a8bb-7164-46b3-adab-c4a0d6595be8,爾雅注疏,内閣文庫,,,日本東京都赤坂離宮,日本東京都港區赤坂離宮,日本-東京-千代田-北之丸公園,,1884-1891,4,,黃漢,44849,日本-東京-千代田-北之丸公園
34,0733a8bb-7164-46b3-adab-c4a0d6595be8,爾雅注疏,宮内省圖書寮,,,日本東京都千代田區皇居,日本東京都千代田區皇居,日本-東京-千代田-皇居,,>1891,5,,黃漢,44849,日本-東京-千代田-皇居
35,0733a8bb-7164-46b3-adab-c4a0d6595be8,爾雅注疏,宮内省書陵部,,,日本東京都千代田區皇居,日本東京都千代田區皇居,日本-東京-千代田-皇居,,>1945,6,,黃漢,44849,日本-東京-千代田-皇居
36,d688e1a5-4469-43ad-bf55-503f902326c2,故唐律疏議名例篇,,吳岫,收藏,中國吳縣,中國江蘇蘇州,中國-江蘇-蘇州,明嘉靖,1522-1566,1,(卷首進律表疏葉)<D688E/pics/藏書印_吳岫家藏.png>,黃漢,44849,中國-江蘇-蘇州
37,d688e1a5-4469-43ad-bf55-503f902326c2,故唐律疏議名例篇,,毛利高標,收藏,日本東京,日本東京,日本-東京,,>1566,2,(卷首序葉)<D688E/pics/藏書印_佐伯侯毛利高標字培松藏書畫之印.png>,黃漢,44849,日本-東京
38,d688e1a5-4469-43ad-bf55-503f902326c2,故唐律疏議名例篇,紅葉山文庫,,,日本江戶紅葉山,日本東京紅葉山,日本-東京,文政,>1828,3,(卷6首葉)<D688E/pics/藏書印_紅葉山本.png>,黃漢,44849,日本-東京
39,d688e1a5-4469-43ad-bf55-503f902326c2,故唐律疏議名例篇,大學校,,,日本東京都忍岡,日本東京都台東區上野,日本-東京-台東-上野,,1868-1871,4,(卷6首葉)<D688E/pics/藏書印_大學校圖書之印.png>,黃漢,44849,日本-東京-台東-上野
40,d688e1a5-4469-43ad-bf55-503f902326c2,故唐律疏議名例篇,太政官文庫,,,日本江戶紅葉山,日本東京紅葉山,日本-東京-千代田-北之丸公園,明治初,>1884,5,(卷首目録葉)<D688E/pics/藏書印_秘閣圖書之章.png>,黃漢,44849,日本-東京-千代田-北之丸公園
41,d688e1a5-4469-43ad-bf55-503f902326c2,故唐律疏議名例篇,内閣文庫,,,日本東京都赤坂離宮,日本東京都港區赤坂離宮,日本-東京-千代田-北之丸公園,明治初,>1885,6,,黃漢,44849,日本-東京-千代田-北之丸公園
42,d688e1a5-4469-43ad-bf55-503f902326c2,故唐律疏議名例篇,宮内省圖書寮,,,日本東京都千代田區皇居,日本東京都千代田區皇居,日本-東京-千代田-皇居,1891,>1891,7,(卷6首葉)<D688E/pics/藏書印_帝室圖書之章.png>,黃漢,44849,日本-東京-千代田-皇居
43,d688e1a5-4469-43ad-bf55-503f902326c2,故唐律疏議名例篇,宮内省書陵部,,,日本東京都千代田區皇居,日本東京都千代田區皇居,日本-東京-千代田-皇居,,>1945,8,,黃漢,44849,日本-東京-千代田-皇居
44,86bb9ba4-406c-11ed-b878-0242ac120002,本草衍義,楓山文庫,,,日本江戶紅葉山,日本東京紅葉山,日本-東京,,1602-1877,1,,黃漢,44849,日本-東京
45,86bb9ba4-406c-11ed-b878-0242ac120002,本草衍義,宮内省圖書寮,,,日本東京都千代田區皇居,日本東京都千代田區皇居,日本-東京-千代田-皇居,1891,>1891,2,(卷首)<86BB9/pics/藏書印_帝室圖書之章.png,黃漢,44849,日本-東京-千代田-皇居
46,86bb9ba4-406c-11ed-b878-0242ac120002,本草衍義,宮内省書陵部,,,日本東京都千代田區皇居,日本東京都千代田區皇居,日本-東京-千代田-皇居,,>1945,3,,黃漢,44849,日本-東京-千代田-皇居
47,94bbd2c5-8188-4fdc-ad09-a8a2d8cbb647,尚書正義,稱名寺,圓種,識語,日本神奈川縣橫濱市金澤區,日本神奈川縣橫濱市金澤區,日本-神奈川-橫濱-金澤,嘉元元年、二年,1303,1,(卷3末)< 94bbd/pics/識語_嘉元二年.jpg>(卷4末)< 94bbd/pics/識語_嘉元元年.jpg>(卷12末)< 94bbd/pics/識語_嘉元二年甲辰.jpg>,陳志軒,2022年10月2日,日本-神奈川-橫濱-金澤
48,94bbd2c5-8188-4fdc-ad09-a8a2d8cbb647,尚書正義,金澤文庫,,,日本神奈川縣橫濱市金澤區金澤町,日本神奈川縣橫濱市金澤區金澤町,日本-神奈川-橫濱-金澤,北条實時之後,>1224,2,(卷3)< 94bbd/pics/藏書印_金澤文庫.jpg>,陳志軒,2022年10月14日,日本-神奈川-橫濱-金澤
49,94bbd2c5-8188-4fdc-ad09-a8a2d8cbb647-1,尚書正義,戶塚宿,伊勢屋源七,,日本相模國鎌倉郡,日本神奈川縣橫濱市戶塚區,日本-神奈川-橫濱-戶塚,寬政八年前,<1796,3,,陳志軒,2022年10月14日,日本-神奈川-橫濱-戶塚
50,94bbd2c5-8188-4fdc-ad09-a8a2d8cbb647-2,尚書正義,圓覺寺塔中歸源院,,,日本神奈川縣鎌倉市,日本神奈川縣鎌倉市,日本-神奈川-鎌倉,寬政八年前,<1796,3,(卷1)< 94bbd/pics/藏書印_歸源.jpg>,陳志軒,2022年10月14日,日本-神奈川-鎌倉
51,94bbd2c5-8188-4fdc-ad09-a8a2d8cbb647,尚書正義,幕府?,多紀元簡,收藏,,,,寬政八年,1796,4,,陳志軒,2022年10月14日,
52,94bbd2c5-8188-4fdc-ad09-a8a2d8cbb647,尚書正義,楓山官庫,,收藏,日本紅葉山,日本東京千代田區,日本-東京-千代田,享和三年,1803,5,,陳志軒,2022年10月14日,日本-東京-千代田
53,94bbd2c5-8188-4fdc-ad09-a8a2d8cbb647,尚書正義,内閣文庫,,收藏,日本東京,日本東京,日本-東京-千代田-北之丸公園,明治維新後,>1868,6,(卷1)< 94bbd/pics/藏書印_祕閣圖書之章.jpg>,陳志軒,2022年10月13日,日本-東京-千代田-北之丸公園
54,94bbd2c5-8188-4fdc-ad09-a8a2d8cbb647,尚書正義,宮内省圖書寮,,收藏,日本東京,日本東京,日本-東京-千代田-皇居,明治二十四年,1891,7,(卷1)< 94bbd/pics/藏書印_圖書寮印.jpg>,陳志軒,2022年10月13日,日本-東京-千代田-皇居
55,94bbd2c5-8188-4fdc-ad09-a8a2d8cbb647,尚書正義,宮内廳書陵部,,收藏,日本東京千代田區,日本東京千代田區,日本-東京-千代田-皇居,昭和二十四年,1949,8,,陳志軒,2022年10月28日,日本-東京-千代田-皇居
56,5955d382-5f1e-4969-9231-2784498403cd,呂氏家塾讀詩記,,,,,,,明治十七年之前,<1884,1?,(卷1)< 5955d/pics/藏書印_鈞.jpg>,陳志軒,2022年11月15日,
57,5955d382-5f1e-4969-9231-2784498403cd,呂氏家塾讀詩記,,,,,,,明治十七年之前,<1884,1?,(卷1)< 5955d/pics/藏書印_華竹秀而野.jpg>,陳志軒,2022年11月15日,
58,5955d382-5f1e-4969-9231-2784498403cd,呂氏家塾讀詩記,,,,,,,明治十七年之前,<1884,1?,(卷1)< 5955d/pics/藏書印_不明.jpg>,陳志軒,2022年11月15日,
59,5955d382-5f1e-4969-9231-2784498403cd,呂氏家塾讀詩記,桂宮文庫,,收藏,日本京都御苑,日本京都府京都市上京區,日本-京都-京都-上京,天正十七年至明治十七年之間,1589-1884,2,,陳志軒,2022年11月15日,日本-京都-京都-上京
60,5955d382-5f1e-4969-9231-2784498403cd,呂氏家塾讀詩記,宮内省圖書寮,,收藏,日本東京,日本東京,日本-東京-千代田-皇居,明治十七年之後,>1884,3,(卷1)< 5955d/pics/藏書印_宮内省圖書印.jpg>,陳志軒,2022年11月14日,日本-東京-千代田-皇居
61,5955d382-5f1e-4969-9231-2784498403cd,呂氏家塾讀詩記,宮内廳書陵部,,收藏,日本東京千代田區,日本東京千代田區,日本-東京-千代田-皇居,昭和二十四年,1949,4,,陳志軒,2022年11月14日,日本-東京-千代田-皇居
62,94bbd2c5-8188-4fdc-ad09-a8a2d8cbb647,尚書正義,楓山官庫,,收藏,日本紅葉山,日本東京千代田區,日本-東京-千代田,享和三年,1803,5,,陳志軒,2022年10月14日,日本-東京-千代田
63,94bbd2c5-8188-4fdc-ad09-a8a2d8cbb647,尚書正義,内閣文庫,,收藏,日本東京,日本東京,日本-東京-千代田-北之丸公園,明治維新後,>1868,6,(卷1)< 94bbd/pics/藏書印_祕閣圖書之章.jpg>,陳志軒,2022年10月13日,日本-東京-千代田-北之丸公園
64,94bbd2c5-8188-4fdc-ad09-a8a2d8cbb647,尚書正義,宮内省圖書寮,,收藏,日本東京,日本東京,日本-東京-千代田-皇居,明治二十四年,1891,7,(卷1)< 94bbd/pics/藏書印_圖書寮印.jpg>,陳志軒,2022年10月13日,日本-東京-千代田-皇居
65,94bbd2c5-8188-4fdc-ad09-a8a2d8cbb647,尚書正義,宮内廳書陵部,,收藏,日本東京千代田區,日本東京千代田區,日本-東京-千代田-皇居,昭和二十四年,1949,8,,陳志軒,2022年10月28日,日本-東京-千代田-皇居
66,307e9384-b429-43cc-ba6b-19fbd03ebca1,楊氏家藏方,金澤文庫,,收藏,日本神奈川縣橫濱市金澤區金澤町,日本神奈川縣橫濱市金澤區金澤町,日本-神奈川-橫濱-金澤,北条實時之後,>1224,1,(目錄)< 307e9/pics/藏書印_金澤文庫.jpg>,陳志軒,2022年10月11日,日本-神奈川-橫濱-金澤
67,307e9384-b429-43cc-ba6b-19fbd03ebca1,楊氏家藏方,楓山官庫,,收藏,日本紅葉山,日本東京千代田區,日本-東京-千代田,寬永十六年後,>1639,2,,陳志軒,2022年10月11日,日本-東京-千代田
68,307e9384-b429-43cc-ba6b-19fbd03ebca1,楊氏家藏方,宮内省圖書寮,,收藏,日本東京,日本東京,日本-東京-千代田-皇居,明治二十四年,1891,3,(目錄)< 307e9/pics/藏書印_帝室圖書之章.jpg>,陳志軒,2022年10月11日,日本-東京-千代田-皇居
69,307e9384-b429-43cc-ba6b-19fbd03ebca1,楊氏家藏方,宮内廳書陵部,,收藏,日本東京千代田區,日本東京千代田區,日本-東京-千代田-皇居,昭和二十四年,1949,4,,陳志軒,2022年10月28日,日本-東京-千代田-皇居
70,b66f0dad-ccb4-44c6-9c01-04f49d700a7c,正法眼藏,天龍寺鹿王院,,收藏,日本京都右京區嵯峨北堀町,日本京都府京都右京區嵯峨北堀町,日本-京都-京都-右京-嵯峨-北堀町,康暦二年後,>1380,1?,(卷1)< b66f0/pics/藏書印_鹿王院.jpg>,陳志軒,2022年10月27日,日本-京都-京都-右京-嵯峨-北堀町
71,b66f0dad-ccb4-44c6-9c01-04f49d700a7c,正法眼藏,天龍寺金剛院,,收藏,日本京都右京區嵯峨,日本京都府京都右京區嵯峨,日本-京都-京都-右京-嵯峨,,,1?,(卷3)< b66f0/pics/藏書印_天龍金剛藏海印文常住.jpg>,陳志軒,2022年10月27日,日本-京都-京都-右京-嵯峨
72,b66f0dad-ccb4-44c6-9c01-04f49d700a7c,正法眼藏,南禪寺金地院,,收藏,日本京都右京區南禪寺,日本京都府京都右京區南禪寺,日本-京都-京都-右京-南禪寺,応永元年後,>1394,2,(卷3)< b66f0/pics/藏書印_金地院.jpg>,陳志軒,2022年10月27日,日本-京都-京都-右京-南禪寺
73,b66f0dad-ccb4-44c6-9c01-04f49d700a7c,正法眼藏,宮内省圖書寮,,收藏,日本東京,日本東京,日本-東京-千代田-皇居,明治十七年之後,>1884,3,(卷3)< b66f0/pics/藏書印_宮内省圖書印.jpg>,陳志軒,2022年10月27日,日本-東京-千代田-皇居
74,b66f0dad-ccb4-44c6-9c01-04f49d700a7c,正法眼藏,宮内廳書陵部,,收藏,日本東京千代田區,日本東京千代田區,日本-東京-千代田-皇居,昭和二十四年,1949,4,,陳志軒,2022年10月28日,日本-東京-千代田-皇居
75,891a38fd-9cb8-495a-b18a-f4b65106e016,四書章圖纂釋,不二北軒,,點校,京都東福寺塔頭不二庵,日本京都府京都市東山區本町15-778,日本-京都-京都-東山-本町,應永二十年至文明七年,1413-1475,1,(卷5末)< 891a3/pics/識語_應永二十年.jpg>(卷5末)< 891a3/pics/識語_文明七年.jpg>,陳志軒,2022年10月13日,日本-京都-京都-東山-本町
76,891a38fd-9cb8-495a-b18a-f4b65106e016,四書章圖纂釋,,掘正意,識語,,,,天正十四年至寬永二十年之間,1586-1643,2,(卷5末)< 891a3/pics/識語_惺窩先生門人.jpg>(卷1)< 891a3/pics/藏書印_平安掘氏時習齋藏.jpg>,陳志軒,2022年10月13日,
77,891a38fd-9cb8-495a-b18a-f4b65106e016,四書章圖纂釋,,寺田望南,收藏,,,,嘉永二年至昭和四年之間,1849-1929,3,(卷1)< 891a3/pics/藏書印_天下無雙.jpg>(卷1)< 891a3/pics/藏書印_讀杜草堂.jpg>(卷3末)< 891a3/pics/藏書印_寺田盛業.jpg>(卷3末)< 891a3/pics/藏書印_字士孤號望南.jpg>,陳志軒,2022年10月13日,
78,891a38fd-9cb8-495a-b18a-f4b65106e016,四書章圖纂釋,太政官文庫,,收藏,日本東京都千代田區北丸公園内,,日本-東京-千代田-北之丸公園,明治六年至明治十八年之間,1873-1885,4,(卷1)< 891a3/pics/藏書印_太政官文庫.jpg>,陳志軒,2022年10月13日,日本-東京-千代田-北之丸公園
79,891a38fd-9cb8-495a-b18a-f4b65106e016,四書章圖纂釋,宮内省圖書寮,,收藏,日本東京,日本東京,日本-東京-千代田-皇居,明治六年前,<1873,5,(卷1)< 891a3/pics/藏書印_帝室圖書之印.jpg>,陳志軒,2022年10月13日,日本-東京-千代田-皇居
80,891a38fd-9cb8-495a-b18a-f4b65106e016,四書章圖纂釋,内務省,,收藏,日本東京都千代田區,日本東京都千代田區霞关2-1,日本-東京-千代田-霞关,明治六年至昭和二十二年之間,1873-1947,6,(卷5末)< 891a3/pics/藏書印_大日本帝國圖書印.jpg>,陳志軒,2022年10月13日,日本-東京-千代田-霞关
81,891a38fd-9cb8-495a-b18a-f4b65106e016,四書章圖纂釋,宮内省圖書寮,,收藏,日本東京,日本東京,日本-東京-千代田-皇居,昭和二十二年之後,>1947,7,(卷1)< 891a3/pics/藏書印_帝室圖書之印.jpg>,陳志軒,2022年10月13日,日本-東京-千代田-皇居
82,891a38fd-9cb8-495a-b18a-f4b65106e016,四書章圖纂釋,宮内廳書陵部,,收藏,日本東京千代田區,日本東京千代田區,日本-東京-千代田-皇居,昭和二十四年,1949,8,,陳志軒,2022年10月28日,日本-東京-千代田-皇居
83,fb091bfe-b1f5-4035-ba84-84e5946eb436,國朝文類,北玉照齋,榊原玄輔,補抄,日本江都,日本東京,日本-東京,江戶時代前期,1686-1706,1,(卷70末)< fb091/pics/藏書印_玄輔之印.jpg>,陳志軒,2022年10月13日,日本-東京
84,fb091bfe-b1f5-4035-ba84-84e5946eb436,國朝文類,,,,,,,宝暦五年之前,<1755,2?,(卷1)< fb091/pics/藏書印_有竹人家.jpg>,陳志軒,2022年10月28日,
85,fb091bfe-b1f5-4035-ba84-84e5946eb436,國朝文類,,,,,,,宝暦五年之前,<1755,2?,(卷1)< fb091/pics/藏書印_冶山書屋.jpg>,陳志軒,2022年10月28日,
86,fb091bfe-b1f5-4035-ba84-84e5946eb436,國朝文類,佐伯文庫,毛利高標,收藏,日本愛知縣三之丸,日本愛知縣名古屋市中區,日本-愛知-名古屋-中區,宝暦五年至享和元年之間,1755-1801,3,(卷1)< fb091/pics/藏書印_佐伯侯毛利高標字培松藏書畫之印.jpg>,陳志軒,2022年10月25日,日本-愛知-名古屋-中區
87,fb091bfe-b1f5-4035-ba84-84e5946eb436,國朝文類,楓山官庫,,,日本紅葉山,日本東京千代田區,日本-東京-千代田,文政十一年,1828,4,,陳志軒,2022年10月25日,日本-東京-千代田
88,fb091bfe-b1f5-4035-ba84-84e5946eb436,國朝文類,内閣文庫,,收藏,日本東京,日本東京,日本-東京-千代田-北之丸公園,明治維新後,>1868,5,(卷1)< fb091/pics/藏書印_祕閣圖書之章.jpg>,陳志軒,2022年10月25日,日本-東京-千代田-北之丸公園
89,fb091bfe-b1f5-4035-ba84-84e5946eb436,國朝文類,宮内省圖書寮,,收藏,日本東京,日本東京,日本-東京-千代田-皇居,明治十七年之後,>1884,6,(卷1)< fb091/pics/藏書印_宮内省圖書印.jpg>,陳志軒,2022年10月28日,日本-東京-千代田-皇居
90,fb091bfe-b1f5-4035-ba84-84e5946eb436,國朝文類,宮内廳書陵部,,收藏,日本東京千代田區,日本東京千代田區,日本-東京-千代田-皇居,昭和二十四年,1949,7,,陳志軒,2022年10月28日,日本-東京-千代田-皇居
91,b82ff06c-420c-11ed-b878-0242ac120002,游宦紀聞,玉雲庵 ,,收藏,日本越前福原寺?,日本福井縣?,日本-福井,戰國時期?,1467-1568?,1,(卷5末)<B82FF06C/pics/題識_玉雲庵常住.jpg>(卷1)<B82FF06C/pics/題識_玉雲公用.jpg>(卷1)<B82FF06C/pics/題識_玉雲常住.jpg>(卷6)<B82FF06C/pics/題識_玉雲庵公用.jpg>,裴昱文,44838,日本-福井
92,b82ff06c-420c-11ed-b878-0242ac120002,游宦紀聞,昌平坂學問所,,收藏,日本神田湯島,日本東京,日本-東京-文京-湯島,原祿四年以後,>1691,2,(卷5末)<B82FF06C/pics/藏書印_昌平坂學問所.jpg>,裴昱文,44838,日本-東京-文京-湯島
93,b82ff06c-420c-11ed-b878-0242ac120002,游宦紀聞,淺草文庫,,收藏,日本東京,日本東京,日本-東京-台東-藏前町,明治八年以後,>1875,3,(卷1首)<B82FF06C/pics/藏書印_淺草文庫.jpg>,裴昱文,44838,日本-東京-台東-藏前町
94,b82ff06c-420c-11ed-b878-0242ac120002,游宦紀聞,宮内廳書陵部,,收藏,日本東京,日本東京,日本-東京-千代田-皇居,昭和二十四年至今,>1949,4,(卷1首)<B82FF06C/pics/藏書印_帝室圖書之章.jpg>,裴昱文,44838,日本-東京-千代田-皇居
95,c79de46b-c37c-4419-b844-52cfb54cf67e,文中子中說,朝鮮李氏王朝王宮,,收藏,漢陽,韓國首爾,韓國-首爾,朝鮮李氏王朝時期,>1392,1,(卷1)<C79DE46B/pics/藏書印_經筵.jpg>,裴昱文,44838,韓國-首爾
96,c79de46b-c37c-4419-b844-52cfb54cf67e,文中子中說,狩谷棭齋求古樓,狩谷望之,收藏,日本湯島,日本東京,日本-東京,安永四年以後,>1775,2,(卷10)<C79DE46B/pics/藏書印_湯島狩谷氏求古樓圖書記.jpg>(卷1)<C79DE46B/pics/藏書印_棭齋.jpg>(卷10)<C79DE46B/pics/藏書印_狩谷望之審定宋本.jpg>(卷1)<C79DE46B/pics/藏書印_狩谷望之.jpg>,裴昱文,44838,日本-東京
97,c79de46b-c37c-4419-b844-52cfb54cf67e,文中子中說,趨古齋,樋口光義,收藏?,日本,日本,日本,明治時期?,1868-1912?,3,(卷5末)<C79DE46B/pics/藏書印_樋口光義.jpg>(卷5末)<C79DE46B/pics/藏書印_趨古齋鑒賞之一.jpg>,裴昱文,44838,日本
98,c79de46b-c37c-4419-b844-52cfb54cf67e,文中子中說,宮内省圖書寮,,收藏,日本東京,日本東京,日本-東京-千代田-皇居,明治十七年以後,>1884,4,(卷1)<C79DE46B/pics/藏書印_宮內省圖書印.jpg>,裴昱文,44838,日本-東京-千代田-皇居
99,c79de46b-c37c-4419-b844-52cfb54cf67e,文中子中說,宮内廳書陵部,,收藏,日本東京,日本東京,日本-東京-千代田-皇居,昭和二十四年至今,>1949,5,,裴昱文,44838,日本-東京-千代田-皇居
100,30aa3929-0d23-476d-966b-23f60b871cda,論衡,,洪适,精加校刻,紹興府,浙江紹興,中國-浙江-紹興,孝宗乾道年間,1165-1173,1,,裴昱文,44838,中國-浙江-紹興
101,30aa3929-0d23-476d-966b-23f60b871cda,論衡,狩谷棭齋求古樓,狩谷望之,收藏/題識/批註,日本湯島,日本東京,日本-東京,安永四年以後,>1775,2,(卷1)<30AA3929/pics/題識_宋板論衡.jpg>(卷1)<30AA3929/pics/批註_離蚤懐沙.jpg>,裴昱文,44838,日本-東京
102,30aa3929-0d23-476d-966b-23f60b871cda,論衡,,岡本況齋,收藏,日本,日本,日本,寬政十年以後,>1798,3,,裴昱文,44838,日本
103,30aa3929-0d23-476d-966b-23f60b871cda,論衡,,木村正辭,收藏,日本,日本,日本,文政十年以後,>1827,4,(卷1)<30AA3929/pics/題識_宋板論衡.jpg>(卷1首)<30AA3929/pics/藏書印_木村.jpg>,裴昱文,44838,日本
104,30aa3929-0d23-476d-966b-23f60b871cda,論衡,,細川十洲(潤次郎),收藏,日本,日本,日本,天保五年以後,>1834,5,,裴昱文,44838,日本
105,30aa3929-0d23-476d-966b-23f60b871cda,論衡,宮内省圖書寮,,收藏,日本東京,日本東京,日本-東京-千代田-皇居,明治十七年以後,>1884,6,(卷1)<30AA3929/pics/題識_宋板論衡.jpg>(卷1首)<30AA3929/pics/藏書印_宮內省圖書印.jpg>,裴昱文,44838,日本-東京-千代田-皇居
106,30aa3929-0d23-476d-966b-23f60b871cda,論衡,,細川十洲(潤次郎),題識,日本東京,日本東京,日本-東京,明治二十六年十月,1893,7,(卷1)<30AA3929/pics/題識_宋板論衡.jpg>,裴昱文,44838,日本-東京
107,30aa3929-0d23-476d-966b-23f60b871cda,論衡,宮内廳書陵部,,收藏,日本東京,日本東京,日本-東京-千代田-皇居,昭和二十四年至今,>1949,8,,裴昱文,44838,日本-東京-千代田-皇居
108,5c50f123-bea2-4141-87f2-270262cbd26c,世說新語,金澤文庫,,收藏,日本神奈川縣橫濱市金澤區金澤町,日本神奈川縣橫濱市金澤區金澤町,日本-神奈川-橫濱-金澤,北条實時以後,>1224,1,(卷1首)<5C50F123/pics/藏書印_金澤文庫.jpg>,裴昱文,44843,日本-神奈川-橫濱-金澤
109,5c50f123-bea2-4141-87f2-270262cbd26c,世說新語,楓山文庫,,收藏,日本東京,日本東京,日本-東京,長慶七年以後,>1602,2,(卷1首)<5C50F123/pics/藏書印_祕閣圖書之章.jpg>,裴昱文,44843,日本-東京
110,5c50f123-bea2-4141-87f2-270262cbd26c,世說新語,太政官文庫,,收藏,日本東京,日本東京,日本-東京-千代田-北之丸公園,明治十七年至明治十八年,1884-1885,3,,裴昱文,44843,日本-東京-千代田-北之丸公園
111,5c50f123-bea2-4141-87f2-270262cbd26c,世說新語,内閣文庫,,收藏,日本東京,日本東京,日本-東京-千代田-北之丸公園,明治十八年至明治二十四年,1885-1891,4,,裴昱文,44843,日本-東京-千代田-北之丸公園
112,5c50f123-bea2-4141-87f2-270262cbd26c,世說新語,宮内省圖書寮,,收藏,日本東京,日本東京,日本-東京-千代田-皇居,明治二十四年至昭和二十四年,1891-1949,5,(卷1首)<5C50F123/pics/藏書印_帝室圖書之章.jpg>,裴昱文,44843,日本-東京-千代田-皇居
113,5c50f123-bea2-4141-87f2-270262cbd26c,世說新語,宮内廳書陵部,,收藏,日本東京,日本東京,日本-東京-千代田-皇居,昭和二十四年至今,>1949,6,,裴昱文,44843,日本-東京-千代田-皇居
114,6250039b-80ca-4dd2-89a4-49b48ad8be0b,史記,崇道精舍,彭寅翁,刊刻,吉州安福,江西吉州安福縣,中國-江西-吉州-安福,元至元二十五年,1288,1,(卷1)<6250039B/pics/藏書印_寅翁.jpg>(卷14末)<6250039B/pics/牌記_安成郡彭寅翁鼎新刊行.jpg>(卷130末)<6250039B/pics/牌記_至元戊子菖莭吉州安福彭寅翁新刊于崇道精舍.jpg>(卷71末)<6250039B/pics/牌記_時至元戊子安成彭寅翁新刊.jpg>,裴昱文,44843,中國-江西-吉州-安福
115,6250039b-80ca-4dd2-89a4-49b48ad8be0b,史記,楓山文庫,,收藏,日本東京,日本東京,日本-東京,長慶七年以後,>1602,2,(卷1首)<6250039B/pics/藏書印_祕閣圖書之章.jpg>,裴昱文,44843,日本-東京
116,6250039b-80ca-4dd2-89a4-49b48ad8be0b,史記,太政官文庫,,收藏,日本東京,日本東京,日本-東京-千代田-北之丸公園,明治十七年至明治十八年,1884-1885,3,,裴昱文,44843,日本-東京-千代田-北之丸公園
117,6250039b-80ca-4dd2-89a4-49b48ad8be0b,史記,内閣文庫,,收藏,日本東京,日本東京,日本-東京-千代田-北之丸公園,明治十八年至明治二十四年,1885-1891,4,,裴昱文,44843,日本-東京-千代田-北之丸公園
118,6250039b-80ca-4dd2-89a4-49b48ad8be0b,史記,宮内省圖書寮,,收藏,日本東京,日本東京,日本-東京-千代田-皇居,明治二十四年至昭和二十四年,1891-1949,5,,裴昱文,44843,日本-東京-千代田-皇居
119,6250039b-80ca-4dd2-89a4-49b48ad8be0b,史記,宮内廳書陵部,,收藏,日本東京,日本東京,日本-東京-千代田-皇居,昭和二十四年至今,>1949,6,,裴昱文,44843,日本-東京-千代田-皇居
120,e1eacce3-94a4-4261-b693-846301b042d8,初學記,,余四十三郎,重雕,東陽,浙江東陽,中國-浙江-東陽,紹興丁卯季冬,1147-1148,1,(序末)<E1EACCE3/pics/刊記_東陽崇川.png>,張興飛,44840,中國-浙江-東陽
121,e1eacce3-94a4-4261-b693-846301b042d8,初學記,金澤文庫,,,日本武藏國倉城郡六浦莊,日本神奈川縣橫濱市金澤區金澤町,日本-神奈川-橫濱-金澤,建治元年以後,>1275,2,(序末)<E1EACCE3/pics/藏書印_金澤文庫.png>,張興飛,44840,日本-神奈川-橫濱-金澤
122,e1eacce3-94a4-4261-b693-846301b042d8,初學記,,真勢中洲,收藏?,,,,寶曆四年以後,>1754,3,(卷3末)<E1EACCE3/pics/藏書印_復古堂.png>,張興飛,44840,
123,e1eacce3-94a4-4261-b693-846301b042d8,初學記,佐伯文庫,毛利高標,收藏,日本豐後佐伯藩,日本大分縣佐伯市,日本-愛知-名古屋-中區,天明元年以後,1781-1801,4,(序)<E1EACCE3/pics/藏書印_佐伯侯毛利高標字培松臧書画之印.png>,張興飛,44840,日本-愛知-名古屋-中區
124,e1eacce3-94a4-4261-b693-846301b042d8,初學記,,毛利高翰,收藏/進獻,日本豐後佐伯藩,日本大分縣佐伯市,日本-大分-佐伯,文政年間,1818-1829,5,,張興飛,44840,日本-大分-佐伯
125,e1eacce3-94a4-4261-b693-846301b042d8,初學記,紅葉山文庫,,,日本江戶紅葉山,日本東京都千代田區,日本-東京,1855,1855,6,,張興飛,44840,日本-東京
126,e1eacce3-94a4-4261-b693-846301b042d8,初學記,宮内省圖書寮,,,日本東京,日本東京,日本-東京-千代田-皇居,1891,>1891,7,,張興飛,44840,日本-東京-千代田-皇居
127,e1eacce3-94a4-4261-b693-846301b042d8,初學記,宮内廳書陵部,,,日本東京,日本東京,日本-東京-千代田-皇居,1949,1949,8,,張興飛,44861,日本-東京-千代田-皇居
128,e1eacce3-94a4-4261-b693-846301b042d8,初學記,,,,,,,,,,(序)<E1EACCE3/pics/藏書印_龍蘭.png>,張興飛,44861,
129,e1eacce3-94a4-4261-b693-846301b042d8,初學記,,,,,,,,,,(序)<E1EACCE3/pics/藏書印_土屋守楷之印.png>,張興飛,44861,
130,e1eacce3-94a4-4261-b693-846301b042d8,初學記,,,,,,,,,,(卷3末)<E1EACCE3/pics/書印_虎五郎文庫.png>,張興飛,44861,
131,f86921d9-c410-4e4c-8327-4ee375288d8a,王荊文公詩,,毋逢辰,重刻,建陽考亭,福建建陽,中國-福建-建陽,大德十年,1306,1,(卷1)<F86921D9/pics/序跋_詩學盛於唐1.jpg>(卷1)<F86921D9/pics/序跋_詩學盛於唐2.jpg>(卷1)<F86921D9/pics/序跋_詩學盛於唐3.jpg>(卷1)<F86921D9/pics/序跋_詩學盛於唐4.jpg>,張興飛,44855,中國-福建-建陽
132,f86921d9-c410-4e4c-8327-4ee375288d8a,王荊文公詩,芳春院,,,日本京都大德寺,日本京都府京都市北區,日本-京都-京都-北區,1599年以後,>1599,2,,張興飛,44855,日本-京都-京都-北區
133,f86921d9-c410-4e4c-8327-4ee375288d8a,王荊文公詩,佐伯文庫,毛利高標,收藏,日本豐後佐伯藩,日本大分縣佐伯市,日本-愛知-名古屋-中區,天明元年以後,1781-1801,3,(卷1)<F86921D9/pics/藏書印_佐伯侯毛利高標字培松臧書画之印.jpg>,張興飛,44855,日本-愛知-名古屋-中區
134,f86921d9-c410-4e4c-8327-4ee375288d8a,王荊文公詩,,毛利高翰,收藏/進獻,日本豐後佐伯藩,日本大分縣佐伯市,日本-大分-佐伯,文政年間,1818-1829,4,,張興飛,44855,日本-大分-佐伯
135,f86921d9-c410-4e4c-8327-4ee375288d8a,王荊文公詩,紅葉山文庫,,,日本江戶紅葉山,日本東京都千代田區,日本-東京,1855,1855,5,,張興飛,44855,日本-東京
136,f86921d9-c410-4e4c-8327-4ee375288d8a,王荊文公詩,宮内省圖書寮,,,日本東京,日本東京,日本-東京-千代田-皇居,1891,>1891,6,(卷1)<F86921D9/pics/藏書印_宮內省圖書印.jpg>,張興飛,44855,日本-東京-千代田-皇居
137,f86921d9-c410-4e4c-8327-4ee375288d8a,王荊文公詩,宮内廳書陵部,,,日本東京,日本東京,日本-東京-千代田-皇居,1949,1949,7,,張興飛,44861,日本-東京-千代田-皇居
138,b237710d-e7ae-4173-a1e7-1247a988cb96,東坡集,金澤文庫,,,日本武藏國倉城郡六浦莊,日本神奈川縣橫濱市金澤區金澤町,日本-神奈川-橫濱-金澤,建治元年以後,>1275,1,(後集卷8末)<B237710D/pics/藏書印_金澤文庫.png>,張興飛,44854,日本-神奈川-橫濱-金澤
139,b237710d-e7ae-4173-a1e7-1247a988cb96,東坡集,,清田儋叟,收藏?,日本越前國福井藩,日本福井縣福井市,日本-福井-福井,天明五年以前,<1785,2,(卷1)<B237710D/pics/藏書印_越囶文學.png>(卷1)<B237710D/pics/藏書印_淸絢之印.png>(卷1)<B237710D/pics/藏書印_君錦.png>,張興飛,44854,日本-福井-福井
140,b237710d-e7ae-4173-a1e7-1247a988cb96,東坡集,,市橋長昭,收藏/進獻,日本近江國蒲生郡仁正寺,日本滋賀縣蒲生郡日野町,日本-滋賀-蒲生-日野町,文化五年二月,1808,3,(卷1)<B237710D/pics/藏書印_仁正侯長昭黃雪書屋鑒臧圖書之印.png>(後集卷8末)<B237710D/pics/跋語_寄藏文廟宋元刻書跋1.png>(後集卷8末)<B237710D/pics/跋語_寄藏文廟宋元刻書跋2.png>,張興飛,44854,日本-滋賀-蒲生-日野町
141,b237710d-e7ae-4173-a1e7-1247a988cb96,東坡集,昌平坂學問所,,,日本神田湯島,日本東京都文京區,日本-東京-文京-湯島,明治維新以前,1808-1871,4,(卷1末)<B237710D/pics/藏書印_昌平坂學問所.png>,張興飛,44854,日本-東京-文京-湯島
142,b237710d-e7ae-4173-a1e7-1247a988cb96,東坡集,淺草文庫,,,日本東京淺草藏前,日本東京都台東區藏前町,日本-東京-台東-藏前町,明治七年至明治十四年,1874-1881,5,(卷1)<B237710D/pics/藏書印_淺草文庫.png>,張興飛,44854,日本-東京-台東-藏前町
143,b237710d-e7ae-4173-a1e7-1247a988cb96,東坡集,宮内省圖書寮,,,日本東京,日本東京,日本-東京-千代田-皇居,1891,>1891,6,(卷1)<B237710D/pics/藏書印_宮內省圖書印.png>,張興飛,44854,日本-東京-千代田-皇居
144,b237710d-e7ae-4173-a1e7-1247a988cb96,東坡集,宮内廳書陵部,,,日本東京,日本東京,日本-東京-千代田-皇居,1949,1949,7,,張興飛,44861,日本-東京-千代田-皇居
145,1da37d0d-bb9d-41cd-846b-00346d75565c,通典,重光殿?,高麗肅宗,收藏,高麗京都開城府,朝鮮開城市,朝鮮-開城市,高麗肅宗六年/大宋建中靖國元年/大遼乾統元年,1101,1,(卷5末)<1DA37D0D/pics/藏書印_高麗國十四葉辛巳歲藏書大宋建中靖國元年大遼乾統元年.png>,張興飛,44849,朝鮮-開城市
146,1da37d0d-bb9d-41cd-846b-00346d75565c,通典,經筵,朝鮮世宗,收藏,漢城府,韓國首爾,韓國-首爾,朝鮮世宗十一年,1429,2,(卷1)<1DA37D0D/pics/藏書印_經筵.png>,張興飛,44849,韓國-首爾
147,1da37d0d-bb9d-41cd-846b-00346d75565c,通典,,,鈔補,朝鮮,朝鮮半島,朝鮮,壬辰之役以前,1560-1592,3,,張興飛,44849,朝鮮
148,1da37d0d-bb9d-41cd-846b-00346d75565c,通典,,宇喜多秀家,收藏/經手,岡山城?,日本岡山縣岡山市?,日本-岡山-岡山,壬辰之役,1592-1597,4,,張興飛,44849,日本-岡山-岡山
149,1da37d0d-bb9d-41cd-846b-00346d75565c,通典,紅葉山文庫,林衡,收藏,日本江戶城紅葉山,日本東京都千代田區,日本-東京,文化十四年六月,1817,5,,張興飛,44849,日本-東京
150,1da37d0d-bb9d-41cd-846b-00346d75565c,通典,太政官文庫,,,日本東京,日本東京,日本-東京-千代田-北之丸公園,1884,1884,6,(卷1)<1DA37D0D/pics/藏書印_秘閣圖書之章.png>,張興飛,44849,日本-東京-千代田-北之丸公園
151,1da37d0d-bb9d-41cd-846b-00346d75565c,通典,宮内省圖書寮,,,日本東京,日本東京,日本-東京-千代田-皇居,1891,>1891,7,(卷1)<1DA37D0D/pics/藏書印_宮內省圖書印.png>,張興飛,44849,日本-東京-千代田-皇居
152,1da37d0d-bb9d-41cd-846b-00346d75565c,通典,宮内廳書陵部,,,日本東京,日本東京,日本-東京-千代田-皇居,1949,1949,8,,張興飛,44861,日本-東京-千代田-皇居
153,0fd055c6-5617-456d-9c21-a221f2b642d4,太平寰宇記,金澤文庫,,,日本武藏國倉城郡六浦莊,日本神奈川縣橫濱市金澤區金澤町,日本-神奈川-橫濱-金澤,建治元年以後,>1275,1,(卷91末)<0FD055C6/pics/藏書印_金澤文庫.png>,張興飛,44845,日本-神奈川-橫濱-金澤
154,0fd055c6-5617-456d-9c21-a221f2b642d4,太平寰宇記,紅葉山文庫,,,日本江戶紅葉山,日本東京都千代田區,日本-東京,1855,1855,2,,張興飛,44845,日本-東京
155,0fd055c6-5617-456d-9c21-a221f2b642d4,太平寰宇記,太政官文庫,,,日本東京,日本東京,日本-東京-千代田-北之丸公園,1884,1884,3,(卷1)<0FD055C6/pics/藏書印_秘閣圖書之章.png>,張興飛,44845,日本-東京-千代田-北之丸公園
156,0fd055c6-5617-456d-9c21-a221f2b642d4,太平寰宇記,宮内省圖書寮,,,日本東京,日本東京,日本-東京-千代田-皇居,1891,>1891,4,(卷1)<0FD055C6/pics/藏書印_帝室圖書之章.png>,張興飛,44845,日本-東京-千代田-皇居
157,0fd055c6-5617-456d-9c21-a221f2b642d4,太平寰宇記,宮内廳書陵部,,,日本東京,日本東京,日本-東京-千代田-皇居,1949,1949,5,,張興飛,44861,日本-東京-千代田-皇居
158,ab9301eb-e722-4114-993e-786a648dc737,周易本义附錄集註十卷,,寶英,題識,日本,日本,日本,室町時期,1469-1487,1,(卷末附《周易五贊》末葉)<dc737/pics/題識_予甞寓于.jpg>,黃冬萍,44838,日本
159,ab9301eb-e722-4114-993e-786a648dc737,周易本义附錄集註十卷,昌平坂學問所,,收藏,日本東京,日本東京文京區湯島,日本-東京-文京-湯島,文化二年-明治元年,1805-1868,2,(卷1末葉)<dc737/pics/藏書印_昌平坂學問所.jpg>(卷1末葉)<dc737/pics/藏書印_文化乙丑.jpg>,黃冬萍,44838,日本-東京-文京-湯島
160,ab9301eb-e722-4114-993e-786a648dc737,周易本义附錄集註十卷,大學校,,收藏,日本東京,日本東京,日本-東京-台東-上野,明治元年至明治四年,1868-1872,3,(卷1首葉)<dc737/pics/藏書印_大學藏書.jpg>,黃冬萍,44838,日本-東京-台東-上野
161,ab9301eb-e722-4114-993e-786a648dc737,周易本义附錄集註十卷,書籍館,,收藏,日本東京,日本東京文京區湯島,日本-東京-文京-湯島,明治初,1872-1877.7,4,(卷1首葉)<dc737/pics/藏書印_書籍館印.jpg>,黃冬萍,44838,日本-東京-文京-湯島
162,ab9301eb-e722-4114-993e-786a648dc737,周易本义附錄集註十卷,淺草文庫,,收藏,日本東京,日本東京台東區淺草,日本-東京-台東-藏前町,明治初,＞1877.7,5,(卷1首葉)<dc737/pics/藏書印_淺草文庫.jpg>,黃冬萍,44838,日本-東京-台東-藏前町
163,ab9301eb-e722-4114-993e-786a648dc737,周易本义附錄集註十卷,内閣文庫,,收藏,日本東京,日本東京,日本-東京-千代田-北之丸公園,明治初,>1885,6,(卷1首葉)<dc737/pics/藏書印_日本政府圖書.jpg>,黃冬萍,44838,日本-東京-千代田-北之丸公園
164,ab9301eb-e722-4114-993e-786a648dc737,周易本义附錄集註十卷,宮内省圖書寮,,收藏,日本東京,日本東京,日本-東京-千代田-皇居,昭和五年以前,<1930,7,,黃冬萍,44838,日本-東京-千代田-皇居
165,c2519423-a4e3-4209-bbd0-8fd546b11da8,詩童子問二十卷,勤有堂,余志安,刊刻,建安,福建南平市建陽區,中國-福建-南平-建陽,元至正四年,1344,1,(卷首附朱子詩傳童子問友人萃言末葉)<11da8/pics/牌記_崇化余志安刻于勤有堂.jpg>,黃冬萍,44854,中國-福建-南平-建陽
166,c2519423-a4e3-4209-bbd0-8fd546b11da8,詩童子問二十卷,,林衡,收藏,日本,日本,日本,江戶後期,1768-1817,2,(卷首附胡一中序末葉)<11da8/pics/藏書印_林氏藏書.jpg>(卷首附胡一中序末葉)<11da8/pics/藏書印_述齋衡新收記.jpg>,黃冬萍,44854,日本
167,c2519423-a4e3-4209-bbd0-8fd546b11da8,詩童子問二十卷,昌平坂學問所,,收藏,日本東京,日本東京文京區湯島,日本-東京-文京-湯島,文化十三年-明治元年,1817-1868,3,(卷首附詩序之末)<11da8/pics/藏書印_昌平坂學問所.jpg>(卷首附詩序之末)<11da8/pics/藏書印_文化丁丑.jpg>,黃冬萍,44854,日本-東京-文京-湯島
168,c2519423-a4e3-4209-bbd0-8fd546b11da8,詩童子問二十卷,大學校,,收藏,日本東京,日本東京,日本-東京-台東-上野,明治元年至明治四年,1868-1872,4,(卷首附詩序首葉)<11da8/pics/藏書印_大學藏書.jpg>,黃冬萍,44854,日本-東京-台東-上野
169,c2519423-a4e3-4209-bbd0-8fd546b11da8,詩童子問二十卷,書籍館,,收藏,日本東京,日本東京文京區湯島,日本-東京-文京-湯島,明治初,1872-1877.7,5,(卷首附詩序首葉)<11da8/pics/藏書印_書籍館印.jpg>,黃冬萍,44854,日本-東京-文京-湯島
170,c2519423-a4e3-4209-bbd0-8fd546b11da8,詩童子問二十卷,淺草文庫,,收藏,日本東京,日本東京台東區淺草,日本-東京-台東-藏前町,明治初,＞1877.7,6,(卷首附詩序首葉)<11da8/pics/藏書印_淺草文庫.jpg>,黃冬萍,44854,日本-東京-台東-藏前町
171,c2519423-a4e3-4209-bbd0-8fd546b11da8,詩童子問二十卷,内閣文庫,,收藏,日本東京,日本東京,日本-東京-千代田-北之丸公園,明治十九年以後,>1886,7,(卷首附詩序之末)<11da8/pics/藏書印_日本政府圖書.jpg>,黃冬萍,44854,日本-東京-千代田-北之丸公園
172,c2519423-a4e3-4209-bbd0-8fd546b11da8,詩童子問二十卷,宮内省圖書寮,,收藏,日本東京,日本東京,日本-東京-千代田-皇居,昭和五年以前,<1930,8,,黃冬萍,44854,日本-東京-千代田-皇居
173,780a40d3-3056-4add-a3a0-0f657b000f0c,詩緝三十六卷,勤有堂,余志安,刊刻,建安,福建南平市建陽區,中國-福建-南平-建陽,元代,1271-1386,1,(卷首附毛詩綱目末葉)<00f0c/pics/ 牌記_勤有書堂刻梓.jpg>,黃冬萍,44854,中國-福建-南平-建陽
174,780a40d3-3056-4add-a3a0-0f657b000f0c,詩緝三十六卷,,毛利高標,收藏,日本,日本,日本,寬政中,＜1801,2,(卷首嚴粲序首葉)<00f0c/pics/藏書印_佐伯侯毛利高標字培松蔵書画之印.jpg>,黃冬萍,44854,日本
175,780a40d3-3056-4add-a3a0-0f657b000f0c,詩緝三十六卷,,毛利高翰,收藏,日本,日本,日本,文政十一年以前,＜1828,3,,黃冬萍,44854,日本
176,780a40d3-3056-4add-a3a0-0f657b000f0c,詩緝三十六卷,楓山官庫,,收藏,日本江戶紅葉山,日本東京紅葉山,日本-東京-千代田,文政十一年至明治十年,1828-1877,4,,黃冬萍,44854,日本-東京-千代田
177,780a40d3-3056-4add-a3a0-0f657b000f0c,詩緝三十六卷,太政官文庫,,收藏,日本江戶紅葉山,日本東京紅葉山,日本-東京-千代田-北之丸公園,明治初,>1877,5,(卷首嚴粲序首葉)<00f0c/pics/藏書印_秘閣圖書之章.jpg>.,黃冬萍,44854,日本-東京-千代田-北之丸公園
178,780a40d3-3056-4add-a3a0-0f657b000f0c,詩緝三十六卷,宮内省圖書寮,,收藏,日本東京,日本東京,日本-東京-千代田-皇居,昭和五年以前,<1930,6,,黃冬萍,44854,日本-東京-千代田-皇居
179,3bcbdef3-a364-4147-a4bf-759232d7ea9c,春秋經傳集解三十卷,興國軍,聞人模,刊刻,興國軍,湖北陽新,中國-湖北-陽新,嘉定九年,1216,1,(卷1末葉)<7ea9c/pics/題識_聞人模敬書.jpg>,黃冬萍,44838,中國-湖北-陽新
180,3bcbdef3-a364-4147-a4bf-759232d7ea9c,春秋經傳集解三十卷,金澤文庫,,收藏,日本神奈川縣橫濱市金澤區金澤町,日本神奈川縣橫濱市金澤區金澤町,日本-神奈川-橫濱-金澤,北条實時之後,>1224,2,(卷2末葉)<7ea9c/pics/藏書印_金澤文庫.jpg>,黃冬萍,44838,日本-神奈川-橫濱-金澤
181,3bcbdef3-a364-4147-a4bf-759232d7ea9c,春秋經傳集解三十卷,,,收藏/訓點,日本,日本,日本,,,3,(卷19葉20)<7ea9c/pics/訓點_文十七年訓點.jpg>,黃冬萍,44838,日本
182,3bcbdef3-a364-4147-a4bf-759232d7ea9c,春秋經傳集解三十卷,,井口蘭雪,收藏,日本,日本,日本,享保至明和,1719-1771,4,(卷1首葉)<7ea9c/pics/藏書印_井口氏之書.jpg>,黃冬萍,44838,日本
183,3bcbdef3-a364-4147-a4bf-759232d7ea9c,春秋經傳集解三十卷,,毛利高標,收藏,日本九州地區佐伯藩,日本佐伯市,日本-佐伯,寬政中,＜1801,5,(卷1首葉)<7ea9c/pics/藏書印_佐伯侯毛利高標字培松蔵書画之印.jpg>,黃冬萍,44838,日本-佐伯
184,3bcbdef3-a364-4147-a4bf-759232d7ea9c,春秋經傳集解三十卷,,毛利高翰,收藏,日本九州地區佐伯藩,日本佐伯市,日本-佐伯,文政十一年以前,＜1828,6,(卷1首葉)<7ea9c/pics/藏書印_佐伯侯毛利高標字培松蔵書画之印.jpg>,黃冬萍,44838,日本-佐伯
185,3bcbdef3-a364-4147-a4bf-759232d7ea9c,春秋經傳集解三十卷,楓山官庫,,收藏,日本江戶紅葉山,日本東京紅葉山,日本-東京-千代田,文政十一年至明治十年,1828-1877,7,(卷1首葉) <7ea9c/pics/藏書印_秘閣圖書之章.jpg>,黃冬萍,44838,日本-東京-千代田
186,3bcbdef3-a364-4147-a4bf-759232d7ea9c,春秋經傳集解三十卷,太政官文庫,,收藏,日本江戶紅葉山,日本東京紅葉山,日本-東京-千代田-北之丸公園,明治初,>1877,8,,黃冬萍,44838,日本-東京-千代田-北之丸公園
187,3bcbdef3-a364-4147-a4bf-759232d7ea9c,春秋經傳集解三十卷,内閣文庫,,收藏,日本東京,日本東京,日本-東京-千代田-北之丸公園,明治初,>1885,9,,黃冬萍,44838,日本-東京-千代田-北之丸公園
188,3bcbdef3-a364-4147-a4bf-759232d7ea9c,春秋經傳集解三十卷,宮内省圖書寮,,收藏,日本東京,日本東京,日本-東京-千代田-皇居,,＞1891,10,,黃冬萍,44838,日本-東京-千代田-皇居
189,7245db0a-3d38-46fb-84ac-159673a4cfe2,附音傍訓晦庵論語句解二卷,,尹瑜,收藏,朝鮮?,朝鮮坡平？,朝鮮,朝鮮宣祖時期?,,1,(卷下末葉)<4cfe2/pic/藏書印_坡平尹氏.jpg>(卷下末葉)<4cfe2/pic/藏書印_尹瑜公瑾.jpg>,黃冬萍,44840,朝鮮
190,7245db0a-3d38-46fb-84ac-159673a4cfe2,附音傍訓晦庵論語句解二卷,,木村蒹葭堂,收藏,日本大阪,日本大阪,日本-大阪,江戶時代中期,1736-1802,2,(卷上首葉)<4cfe2/pic/藏書印_蒹葭堂藏書印.jpg>,黃冬萍,44840,日本-大阪
191,7245db0a-3d38-46fb-84ac-159673a4cfe2,附音傍訓晦庵論語句解二卷,昌平坂學問所,,收藏,日本東京,日本東京文京區湯島,日本-東京-文京-湯島,寬政九年以後,＞1802,3,(卷下末葉)<4cfe2/pic/藏書印_昌平坂學問所.jpg>,黃冬萍,44840,日本-東京-文京-湯島
192,7245db0a-3d38-46fb-84ac-159673a4cfe2,附音傍訓晦庵論語句解二卷,淺草文庫,,收藏,日本東京,日本東京台東區淺草,日本-東京-台東-藏前町,明治七年以後,＞1874,4,,黃冬萍,44840,日本-東京-台東-藏前町
193,7245db0a-3d38-46fb-84ac-159673a4cfe2,附音傍訓晦庵論語句解二卷,内閣文庫,,收藏,日本東京,日本東京,日本-東京-千代田-北之丸公園,明治十九年以後,>1886,5,(卷上首葉)<4cfe2/pic/藏書印_日本政府圖書.jpg>,黃冬萍,44840,日本-東京-千代田-北之丸公園
194,7245db0a-3d38-46fb-84ac-159673a4cfe2,附音傍訓晦庵論語句解二卷,宮内省圖書寮,,收藏,日本東京,日本東京,日本-東京-千代田-皇居,昭和五年以前,<1930,6,,黃冬萍,44840,日本-東京-千代田-皇居
195,eaa26ecf-6061-4316-9fbb-ecde73960308,春秋諸傳會通,日本舊御府圖書館,,,日本東京市中心皇宮內舊御府圖書館,日本東京市中心皇宮內舊御府圖書館,日本-東京,,,1,(卷1)<EAA26ECF/pics/藏書印_御府圖書.jpg>,劉妍慧,2022年10月29日,日本-東京
196,eaa26ecf-6061-4316-9fbb-ecde73960308,春秋諸傳會通,昌平坂學問所,,,日本東京上野湯島,日本東京上野湯島,日本-東京-文京-湯島,日本江戶時代德川家齊寬政九年後,>1789,1,(卷20)<EAA26ECF/pics/藏書印_昌平坂學問所.jpg>,劉妍慧,2022年10月5日,日本-東京-文京-湯島
197,eaa26ecf-6061-4316-9fbb-ecde73960308,春秋諸傳會通,,,,,,,日本文政癸未年,1823,2,(卷5末)<EAA26ECF/pics/藏書印_文政癸未.jpg>,劉妍慧,2022年10月28日,
198,eaa26ecf-6061-4316-9fbb-ecde73960308,春秋諸傳會通,内閣文庫,,,日本東京都千代田區北之丸公園,日本東京都千代田區北之丸公園,日本-東京-千代田-北之丸公園,1868年,1868,3,(卷1)<EAA26ECF/pics/藏書印_日本政府圖書.jpg>(卷1)<EAA26ECF/pics/藏書印_政府圖書.jpg>,劉妍慧,2022年10月5日,日本-東京-千代田-北之丸公園
199,eaa26ecf-6061-4316-9fbb-ecde73960308,春秋諸傳會通,大學校/大學,,,日本東京,日本東京,日本-東京,日本明治元年後,>1868,4,(卷1)<EAA26ECF/pics/藏書印_大學校圖書之印.jpg>,劉妍慧,2022年10月6日,日本-東京
200,eaa26ecf-6061-4316-9fbb-ecde73960308,春秋諸傳會通,書籍館,,,日本東京上野湯島,日本東京上野湯島,日本-東京-文京-湯島,日本明治五年後,>1872,5,(卷1)<EAA26ECF/pics/藏書印_書籍館印.jpg>,劉妍慧,2022年10月6日,日本-東京-文京-湯島
201,eaa26ecf-6061-4316-9fbb-ecde73960308,春秋諸傳會通,淺草文庫,,,日本東京上野湯島,日本東京上野湯島,日本-東京-台東-藏前町,日本明治七年後,>1874,6,(卷1)<EAA26ECF/pics/藏書印_淺草文庫.jpg>,劉妍慧,2022年10月6日,日本-東京-台東-藏前町
202,eaa26ecf-6061-4316-9fbb-ecde73960308,春秋諸傳會通,宮内省圖書寮,,,日本東京市中心皇宮內天守閣遺跡旁,日本東京市中心皇宮內天守閣遺跡旁,日本-東京-千代田-皇居,日本明治十七年後,>1884,7,,劉妍慧,2022年10月6日,日本-東京-千代田-皇居
203,ec87a108-e94f-403b-8c87-c66fdc017818,十七史詳節,日本舊御府圖書館,,,日本東京市中心皇宮內舊御府圖書館,日本東京市中心皇宮內舊御府圖書館,日本-東京,,,1,(書前牌記)<EC87A108/pics/藏書印_御府圖書.jpg>,劉妍慧,2022年10月7日,日本-東京
204,ec87a108-e94f-403b-8c87-c66fdc017818,十七史詳節,艮岳院,,,日本京都東福寺塔頭艮岳院,日本京都東福寺塔頭艮岳院,日本-京都-东山区,,,2,(卷6)<EC87A108/pics/藏書印_艮岳院.jpg>,劉妍慧,2022年10月7日,日本-京都-东山区
205,ec87a108-e94f-403b-8c87-c66fdc017818,十七史詳節,寶勝院,,,日本京都東福寺塔頭寶勝院,日本京都東福寺塔頭寶勝院,日本-京都-东山区,,,3,(書前牌記)<EC87A108/pics/藏書印_寶勝院.jpg>,劉妍慧,2022年10月13日,日本-京都-东山区
206,ec87a108-e94f-403b-8c87-c66fdc017818,十七史詳節,京都學校,,,日本京都,日本京都,日本-京都,1604年後,>1604,4,(書前牌記)<EC87A108/pics/藏書印_京都學校藏書之印.jpg>,劉妍慧,2022年10月13日,日本-京都
207,ec87a108-e94f-403b-8c87-c66fdc017818,十七史詳節,學習院,,,日本東京豐島區,日本東京豐島區,日本-東京-豐島,日本弘化四年後,>1847,5,(書前牌記)<EC87A108/pics/藏書印_學習院印.jpg>,劉妍慧,2022年10月14日,日本-東京-豐島
208,ec87a108-e94f-403b-8c87-c66fdc017818,十七史詳節,楓山文庫,,,日本江戶紅葉山,日本江戶紅葉山,日本-東京,日本弘化四年至明治十七年,1847-1884,6,,劉妍慧,2022年10月26日,日本-東京
209,ec87a108-e94f-403b-8c87-c66fdc017818,十七史詳節,宮内省圖書寮,,,日本東京市中心皇宮內天守閣遺跡旁,日本東京市中心皇宮內天守閣遺跡旁,日本-東京-千代田-皇居,明治十七年後,>1884,7,,劉妍慧,2022年10月14日,日本-東京-千代田-皇居
210,b3df214b-7ea9-4eba-9cab-64919a3e4020,新編四六必用方與勝覽,日本舊御府圖書館,,,日本東京市中心皇宮內舊御府圖書館,日本東京市中心皇宮內舊御府圖書館,日本-東京,,,1,(卷1)<B3DF214B/pics/藏書印_御府圖書.jpg>,劉妍慧,2022年10月14日,日本-東京
211,b3df214b-7ea9-4eba-9cab-64919a3e4020,新編四六必用方與勝覽,龍眠庵,,,日本京都市東福寺龍眠庵,日本京都市東福寺龍眠庵,日本-京都-东山区,,,2,(卷1)<B3DF214B/pics/藏書印_龍眠.jpg>,劉妍慧,2022年10月19日,日本-京都-东山区
212,b3df214b-7ea9-4eba-9cab-64919a3e4020,新編四六必用方與勝覽,黃雪書屋,市橋長昭,收藏,日本近江國蒲生郡西大路藩,日本滋賀縣東山道地區,日本-滋賀-東山道地區,1773年-1814年,1773-1814,3,(卷1)<B3DF214B/pics/藏書印_仁正侯長昭黃雪書屋監藏圖書之印.jpg>,劉妍慧,2022年10月14日,日本-滋賀-東山道地區
213,b3df214b-7ea9-4eba-9cab-64919a3e4020,新編四六必用方與勝覽,昌平坂學問所,,,日本東京上野湯島,日本東京上野湯島,日本-東京-文京-湯島,日本寬政九年後,>1797,4,(自序末)<B3DF214B/pics/藏書印_昌平坂學問所.jpg>,劉妍慧,2022年10月14日,日本-東京-文京-湯島
214,b3df214b-7ea9-4eba-9cab-64919a3e4020,新編四六必用方與勝覽,内務省文庫,,,日本東京內務省,日本東京內務省,日本-東京,日本明治六年後,>1873,5,(卷1)<B3DF214B/pics/藏書印_內務省文庫印.jpg>,劉妍慧,2022年10月14日,日本-東京
215,b3df214b-7ea9-4eba-9cab-64919a3e4020,新編四六必用方與勝覽,淺草文庫,,,日本東京上野湯島,日本東京上野湯島,日本-東京-台東-藏前町,日本明治七年七月後,>1874,6,(卷1)<B3DF214B/pics/藏書印_淺草文庫.jpg>,劉妍慧,2022年10月14日,日本-東京-台東-藏前町
216,b3df214b-7ea9-4eba-9cab-64919a3e4020,新編四六必用方與勝覽,宮内省圖書寮,,,日本東京市中心皇宮內天守閣遺跡旁,日本東京市中心皇宮內天守閣遺跡旁,日本-東京-千代田-皇居,日本明治十七年後,>1884,7,,劉妍慧,2022年10月27日,日本-東京-千代田-皇居
217,b3fe92b0-ba11-4789-b2d3-7f0014583dbf,集千家註分類杜工部詩,林氏家塾,林恕,收藏,日本東京上野忍岡,日本東京上野忍岡,日本-東京-上野忍岡,1618年後,>1618,1,(杜工部傳序碑銘)<B3FE92B0/pics/藏書印_弘文學士院.jpg>,劉妍慧,2022年10月17日,日本-東京-上野忍岡
218,b3fe92b0-ba11-4789-b2d3-7f0014583dbf,集千家註分類杜工部詩,林氏家塾,林衡,收藏,日本東京上野忍岡,日本東京上野忍岡,日本-東京-上野忍岡,日本寬政五年後,>1793,2,(杜工部傳序碑銘)<B3FE92B0/pics/藏書印_林氏藏書.jpg>,劉妍慧,2022年10月17日,日本-東京-上野忍岡
219,b3fe92b0-ba11-4789-b2d3-7f0014583dbf,集千家註分類杜工部詩,内務省文庫,,,日本東京內務省,日本東京內務省,日本-東京,日本明治六年後,>1873,3,(杜工部傳序碑銘)<B3FE92B0/pics/藏書印_內務省文庫印.jpg>,劉妍慧,2022年10月17日,日本-東京
220,b3fe92b0-ba11-4789-b2d3-7f0014583dbf,集千家註分類杜工部詩,淺草文庫,,,日本東京上野湯島,日本東京上野湯島,日本-東京-台東-藏前町,日本明治七年七月後,>1874,4,(杜工部傳序碑銘)<B3FE92B0/pics/藏書印_淺草文庫.jpg>,劉妍慧,2022年10月17日,日本-東京-台東-藏前町
221,b3fe92b0-ba11-4789-b2d3-7f0014583dbf,集千家註分類杜工部詩,宮内省圖書寮,,,日本東京市中心皇宮內天守閣遺跡旁,日本東京市中心皇宮內天守閣遺跡旁,日本-東京-千代田-皇居,日本明治十七年後,>1884,5,(杜工部傳序碑銘)<B3FE92B0/pics/藏書印_宮內省圖書印.jpg>,劉妍慧,2022年10月17日,日本-東京-千代田-皇居
222,65aa2522-bc52-4340-b770-b08807e7cf15,文選（贛州本）,京都妙覺寺,僧玄興,,日本京都,日本京都,日本-京都,日本親町天皇永祿九年-後陽城天皇天正十九年,1566-1591,1,,劉妍慧,2022年10月22日,日本-京都
223,65aa2522-bc52-4340-b770-b08807e7cf15,文選（贛州本）,佐伯藩,毛利高標,,日本江戶時代九州地區豐后國海部郡佐伯藩,日本大分縣佐伯市,日本-大分-佐伯,1760年-1801年,1760-1801,2,,劉妍慧,2022年10月22日,日本-大分-佐伯
224,65aa2522-bc52-4340-b770-b08807e7cf15,文選（贛州本）,楓山文庫,德川家齊,,日本江戶紅葉山,日本江戶紅葉山,日本-東京,仁孝天皇文政年間至明治十七年,1818-1884,3,,劉妍慧,2022年10月22日,日本-東京
225,65aa2522-bc52-4340-b770-b08807e7cf15,文選（贛州本）,太政官文庫,,,日本東京都千代田區北之丸公園,日本東京都千代田區北之丸公園,日本-東京-千代田-北之丸公園,明治十七年至明治十八年,1884-1885,4,,劉妍慧,2022年10月22日,日本-東京-千代田-北之丸公園
226,65aa2522-bc52-4340-b770-b08807e7cf15,文選（贛州本）,内閣文庫,,,日本東京都千代田區北之丸公園,日本東京都千代田區北之丸公園,日本-東京-千代田-北之丸公園,明治十八年至明治二十四年,1885-1891,5,,劉妍慧,2022年10月22日,日本-東京-千代田-北之丸公園
227,65aa2522-bc52-4340-b770-b08807e7cf15,文選（贛州本）,宮内省圖書寮,,,日本東京市中心皇宮內天守閣遺跡旁,日本東京市中心皇宮內天守閣遺跡旁,日本-東京-千代田-皇居,明治二十四年,1891,6,(總目錄前)<65AA2522/pics/藏書印_宮內省圖書印.jpg>,劉妍慧,2022年10月22日,日本-東京-千代田-皇居
228,65aa2522-bc52-4340-b770-b08807e7cf15,文選（贛州本）,楓山文庫,德川家齊,,日本江戶紅葉山,日本江戶紅葉山,日本-東京,仁孝天皇文政年間至明治十七年,1818-1884,3,,劉妍慧,2022年10月22日,日本-東京
229,65aa2522-bc52-4340-b770-b08807e7cf15,文選（贛州本）,太政官文庫,,,日本東京都千代田區北之丸公園,日本東京都千代田區北之丸公園,日本-東京-千代田-北之丸公園,明治十七年至明治十八年,1884-1885,4,,劉妍慧,2022年10月22日,日本-東京-千代田-北之丸公園
230,65aa2522-bc52-4340-b770-b08807e7cf15,文選（贛州本）,内閣文庫,,,日本東京都千代田區北之丸公園,日本東京都千代田區北之丸公園,日本-東京-千代田-北之丸公園,明治十八年至明治二十四年,1885-1891,5,,劉妍慧,2022年10月22日,日本-東京-千代田-北之丸公園
231,65aa2522-bc52-4340-b770-b08807e7cf15,文選（贛州本）,宮内省圖書寮,,,日本東京市中心皇宮內天守閣遺跡旁,日本東京市中心皇宮內天守閣遺跡旁,日本-東京-千代田-皇居,明治二十四年,1891,6,(總目錄首頁)<65AA2522/pics/藏書印_宮內省圖書印.jpg>,劉妍慧,2022年10月22日,日本-東京-千代田-皇居
232,65aa2522-bc52-4340-b770-b08807e7cf15,文選（贛州本）,宮内廳書陵部,,,日本東京市中心皇宮內天守閣遺跡旁,日本東京市中心皇宮內天守閣遺跡旁,日本-東京-千代田-皇居,二戰後,>1949,7,,劉妍慧,2022年10月29日,日本-東京-千代田-皇居
233,9fd7d816-6233-49b2-b3b4-be92b5d0ec9a,寒山詩集,無範,,,,,,,,,(上海古籍出版社影印本第414頁)<9FD7D816/pics/藏書印_無範.jpg>,蔣彭飛,44838,
234,9fd7d816-6233-49b2-b3b4-be92b5d0ec9a,寒山詩集,植邨書屋,,,,,,,,,(卷首)<9FD7D816/pics/藏書印_植邨書屋.jpg>,蔣彭飛,44838,
235,9fd7d816-6233-49b2-b3b4-be92b5d0ec9a,寒山詩集,霞亭,渡邊霞亭,,,,,,,,(卷首)<9FD7D816/pics/藏書印_霞亭珍賞.jpg>,蔣彭飛,44838,
236,9fd7d816-6233-49b2-b3b4-be92b5d0ec9a,寒山詩集,暢春堂,河合元升,題跋,日本姬路,日本姬路,日本-姬路,,,1,(卷首)<9FD7D816/pics/藏書印_暢春堂圖書翰.jpg>,蔣彭飛,44838,日本-姬路
237,9fd7d816-6233-49b2-b3b4-be92b5d0ec9a,寒山詩集,宮内省圖書寮,,,日本東京,日本東京,日本-東京-千代田-皇居,,,2,(卷首)<9FD7D816/pics/藏書印_帝室圖書之章.jpg><9FD7D816/pics/藏書印_慶福院.jpg>,蔣彭飛,44838,日本-東京-千代田-皇居
238,9fd7d816-6233-49b2-b3b4-be92b5d0ec9a,寒山詩集,宮内廳書陵部,,,日本東京,日本東京,日本-東京-千代田-皇居,,,3,,蔣彭飛,44838,日本-東京-千代田-皇居
239,e546cc31-3427-4843-8f08-3e042c8fcba2,西翁近藁,佐伯藩主毛利家,毛利高標,,日本豐后,日本豐后,日本-豐后,約寳歷五年至寬政十三年,1755-1801,1,(卷首)<E546CC31/pics/藏書印_佐伯侯毛利高標字培松藏書畫之印.jpg>,蔣彭飛,44838,日本-豐后
240,e546cc31-3427-4843-8f08-3e042c8fcba2,西翁近藁,宮内廳書陵部,,,日本東京,日本東京,日本-東京-千代田-皇居,,,2,,蔣彭飛,44838,日本-東京-千代田-皇居
241,65068b19-1329-496e-9dbd-c3a41f15e687,北礀集,圓覺寺,無學祖元,,日本鐮倉,日本鐮倉,日本-鐮倉,弘安五年后,>1282,1,,蔣彭飛,44840,日本-鐮倉
242,65068b19-1329-496e-9dbd-c3a41f15e687,北礀集,成簣堂文庫,德富蘇峰,題識,日本東京,日本東京,日本-東京,明治三十八年,1905,2,,蔣彭飛,44840,日本-東京
243,65068b19-1329-496e-9dbd-c3a41f15e687,北礀集,宮内廳書陵部,,,日本東京,日本東京,日本-東京-千代田-皇居,,,3,,蔣彭飛,44840,日本-東京-千代田-皇居
244,62820972-a4f4-421d-bbe3-6f519c85821e,魏氏家藏方,普門院,聖一國師,,日本京都,日本京都,日本-京都,,,1,(卷一)<62820972/pics/藏書印_普門院.jpg>,蔣彭飛,44840,日本-京都
245,62820972-a4f4-421d-bbe3-6f519c85821e,魏氏家藏方,躋壽館,多紀元孝,,日本江戶,日本江戶,日本-江戶,明和二年后,>1765,2,(卷首)<62820972/pics/藏書印_多紀氏藏書之印.jpg>,蔣彭飛,44840,日本-江戶
246,62820972-a4f4-421d-bbe3-6f519c85821e,魏氏家藏方,廣壽院,多紀元德,,日本江戶,日本江戶,日本-江戶,寬政三年前,<1791,3,(卷一)<62820972/pics/藏書印_廣壽院子架藏記.jpg>,蔣彭飛,44840,日本-江戶
247,62820972-a4f4-421d-bbe3-6f519c85821e,魏氏家藏方,醫學館,,,日本江戶,日本江戶,日本-東京-千代田-神田佐九間町,寬政三年后,>1791,4,(卷首)<62820972/pics/藏書印_江戶醫學藏書之記.jpg>,蔣彭飛,44840,日本-東京-千代田-神田佐九間町
248,62820972-a4f4-421d-bbe3-6f519c85821e,魏氏家藏方,内閣文庫,,,日本東京,日本東京,日本-東京-千代田-北之丸公園,明治十九年至昭和八年,1886-1933,5,(卷首)<62820972/pics/藏書印_日本政府圖書.jpg>,蔣彭飛,44840,日本-東京-千代田-北之丸公園
249,62820972-a4f4-421d-bbe3-6f519c85821e,魏氏家藏方,宮内省圖書寮,,,日本東京,日本東京,日本-東京-千代田-皇居,昭和八年后,>1933,6,(卷首)<62820972/pics/藏書印_帝室圖書之章.jpg>,蔣彭飛,44840,日本-東京-千代田-皇居
250,62820972-a4f4-421d-bbe3-6f519c85821e,魏氏家藏方,宮内廳書陵部,,,日本東京,日本東京,日本-東京-千代田-皇居,,,7,,蔣彭飛,44840,日本-東京-千代田-皇居
251,56a643c2-3d38-4470-9179-f1db057a42a2,村西集,佐伯藩主毛利家,毛利高標,,日本豐后,日本豐后,日本-豐后,約寳歷五年至寬政十三年,1755-1801,1,(卷首)<56A643C2/pics/藏書印_佐伯侯毛利高標字培松藏書畫之印.jpg>,蔣彭飛,44841,日本-豐后
252,56a643c2-3d38-4470-9179-f1db057a42a2,村西集,宮内廳書陵部,,,日本東京,日本東京,日本-東京-千代田-皇居,,,2,,蔣彭飛,44841,日本-東京-千代田-皇居
253,306fe20f-57e9-44f8-b288-06dad9b5a93f,王文公文集,金澤文庫,,,日本神奈川縣橫濱市金澤區金澤町,日本神奈川縣橫濱市金澤區金澤町,日本-神奈川-橫濱-金澤,鐮倉時期（北條實時之後）,>1247,1,(卷1)<306FE20F/pics/藏書印_金澤文庫.jpg>,周彥羲,44839,日本-神奈川-橫濱-金澤
254,306fe20f-57e9-44f8-b288-06dad9b5a93f,王文公文集,心華藏書,心華元棣,收藏,日本京都府,日本京都府,日本-京都,室町時期,>1339,2,(卷1)<306FE20F/pics/藏書印_心華藏書.jpg>,周彥羲,44839,日本-京都
255,306fe20f-57e9-44f8-b288-06dad9b5a93f,王文公文集,賜蘆文庫,新見正路,收藏,日本大阪府,日本大阪府,日本-大阪,江戶後期,1791-1848,3,(卷1)<306FE20F/pics/藏書印_賜蘆文庫.jpg>,周彥羲,44839,日本-大阪
256,306fe20f-57e9-44f8-b288-06dad9b5a93f,王文公文集,顏氏家藏,,收藏,,,,,,4?,(卷3末)<306FE20F/pics/藏書印_顏氏家藏.jpg>,周彥羲,44839,
257,306fe20f-57e9-44f8-b288-06dad9b5a93f,王文公文集,宮内省圖書寮,,收藏,日本東京,日本東京,日本-東京-千代田-皇居,明治十七年以後,>1884,5,(卷1)<306FE20F/pics/藏書印_宮內省圖書印.jpg>,周彥羲,44839,日本-東京-千代田-皇居
258,306fe20f-57e9-44f8-b288-06dad9b5a93f,王文公文集,宮内廳書陵部,,收藏,日本東京,日本東京,日本-東京-千代田-皇居,一九四九年後,>1949,6,,周彥羲,44839,日本-東京-千代田-皇居
259,a17f92c2-4dd6-45eb-956f-b1d5bc6f4b8b,重廣分門三蘇先生文粹,全谿義塾,,改裝,,,,明英宗正統十一年,1446,1,(卷100末)<A17F92C2/pics/題識_正統丙寅孟秋重裝於全谿義塾.jpg>,周彥羲,44847,
260,a17f92c2-4dd6-45eb-956f-b1d5bc6f4b8b,重廣分門三蘇先生文粹,,陳齊巖,收藏,,,,明清之際,1446-1674,2,(卷2)<A17F92C2/pics/藏書印_陳氏齊巖寶玩.jpg>,周彥羲,44847,
261,a17f92c2-4dd6-45eb-956f-b1d5bc6f4b8b,重廣分門三蘇先生文粹,謙牧堂,納蘭揆敘,收藏,北京,北京,中國-北京,康熙年間,1674-1717,3,(卷1)<A17F92C2/pics/藏書印_謙牧堂藏書記.jpg>(卷1末)<A17F92C2/pics/藏書印_兼牧堂書畫記.jpg>,周彥羲,44847,中國-北京
262,a17f92c2-4dd6-45eb-956f-b1d5bc6f4b8b,重廣分門三蘇先生文粹,天祿琳瑯,愛新覺羅弘曆,收藏,北京,北京,中國-北京,乾隆年間,1717-1795,4,(書首)<A17F92C2/pics/藏書印_五福五代堂寶.jpg>(書首)<A17F92C2/pics/藏書印_八征耄念之寶.jpg>(書首)<A17F92C2/pics/藏書印_太上皇帝之寶.jpg>(卷1)<A17F92C2/pics/藏書印_天祿繼鑒.jpg>(卷1)<A17F92C2/pics/藏書印_乾隆御覽之寶.jpg>(卷1末)<A17F92C2/pics/藏書印_天祿琳琅.jpg>,周彥羲,44847,中國-北京
263,a17f92c2-4dd6-45eb-956f-b1d5bc6f4b8b,重廣分門三蘇先生文粹,清宮内府,愛新覺羅顒琰、旻宁、奕詝、载淳、载湉、溥仪,收藏,北京,北京,中國-北京,清嘉慶至宣統年間,1796-1922,5,,周彥羲,44847,中國-北京
264,a17f92c2-4dd6-45eb-956f-b1d5bc6f4b8b,重廣分門三蘇先生文粹,,溥儀/溥傑,轉贈,天津,天津,中國-天津,一九二二至一九三五,1922-1935,6,,周彥羲,44847,中國-天津
265,a17f92c2-4dd6-45eb-956f-b1d5bc6f4b8b,重廣分門三蘇先生文粹,,溥傑,代管,長春,長春,中國-長春,一九二二至一九三五,1922-1935,7,,周彥羲,44847,中國-長春
266,a17f92c2-4dd6-45eb-956f-b1d5bc6f4b8b,重廣分門三蘇先生文粹,,溥儀/日本天皇,轉贈,日本東京,日本東京,日本-東京,一九三五年四月,1935.4,8,,周彥羲,44847,日本-東京
267,a17f92c2-4dd6-45eb-956f-b1d5bc6f4b8b,重廣分門三蘇先生文粹,宮内省圖書寮,,收藏,日本東京,日本東京,日本-東京-千代田-皇居,一九三五年至一九四九年,1935.4-1949,9,(卷1)<A17F92C2/pics/藏書印_宮內省圖書印.jpg>,周彥羲,44847,日本-東京-千代田-皇居
268,a17f92c2-4dd6-45eb-956f-b1d5bc6f4b8b,重廣分門三蘇先生文粹,宮内廳書陵部,,收藏,日本東京,日本東京,日本-東京-千代田-皇居,一九四九年後,>1949,10,,周彥羲,44847,日本-東京-千代田-皇居
269,514a2141-61d2-4929-bead-5f09be42f71f,新編類要圖註本草,建安勵賢堂,余彥國,刊刻,福建建陽,福建建陽,中國-福建-建陽,南宋,1127-1279,1,(總目錄末)<514A2141/pics/牌記_建安余彥國刊於勵賢堂.jpg>,周彥羲,44854,中國-福建-建陽
270,514a2141-61d2-4929-bead-5f09be42f71f,新編類要圖註本草,金澤文庫,,,日本神奈川縣橫濱市金澤區金澤町,日本神奈川縣橫濱市金澤區金澤町,日本-神奈川-橫濱-金澤,鐮倉時期(且北條實時之後),>1247,2,(卷1)<514A2141/pics/藏書印_金澤文庫.jpg>,周彥羲,44854,日本-神奈川-橫濱-金澤
271,514a2141-61d2-4929-bead-5f09be42f71f,新編類要圖註本草,聿修堂,丹波氏(即多紀氏，多紀元孝等),收藏,日本,日本,日本,江戶時期,~1755,3,(卷1)<514A2141/pics/藏書印_多紀氏蔵書印.jpg>,周彥羲,44854,日本
272,514a2141-61d2-4929-bead-5f09be42f71f,新編類要圖註本草,躋壽館,丹波氏(即多紀氏，多紀元孝等),收藏,神田佐久間街天文臺遺址,,日本-江戶,明和二年至寬政三年,1765-1791,4,(卷1)<514A2141/pics/藏書印_江戶醫學藏書之印.jpg>,周彥羲,44854,日本-江戶
273,514a2141-61d2-4929-bead-5f09be42f71f,新編類要圖註本草,江戶醫學館(初名“躋壽館”),江戶幕府,收藏,神田佐久間街天文臺遺址,,,寬政三年之後,>1791,5,(卷1)<514A2141/pics/藏書印_江戶醫學藏書之印.jpg>,周彥羲,44854,
274,514a2141-61d2-4929-bead-5f09be42f71f,新編類要圖註本草,帝國博物館,,收藏,東京臺東區上野公園北,東京臺東區上野公園北,中國-東京-臺東-上野公園,一八八九年後,>1889,6,(卷1)<514A2141/pics/藏書印_帝室圖書之章.jpg>,周彥羲,44854,中國-東京-臺東-上野公園
275,514a2141-61d2-4929-bead-5f09be42f71f,新編類要圖註本草,宮内省圖書寮,,收藏,日本東京,日本東京,日本-東京-千代田-皇居,一九一二年後,1912-1949,7,(卷1)<514A2141/pics/藏書印_宮內省圖書印.jpg>,周彥羲,44854,日本-東京-千代田-皇居
276,514a2141-61d2-4929-bead-5f09be42f71f,新編類要圖註本草,宮内廳書陵部,,收藏,日本東京,日本東京,日本-東京-千代田-皇居,一九四九年後,>1949,,,周彥羲,44854,日本-東京-千代田-皇居
277,70319845-35c1-42c4-81bb-88ac5b512d61,聯燈會要,京都五山南禪寺,,收藏,日本京都,日本京都,日本-京都,五山時期(且成立京都五山之後),>1335,1?,(卷1?)<70319845/pics/藏書印_金地院.jpg>,周彥羲,44854,日本-京都
278,70319845-35c1-42c4-81bb-88ac5b512d61,聯燈會要,増上寺恵照院,,收藏,日本東京,日本東京,日本-東京,明德四年後,>1393,2,(序首)<70319845/pics/藏書印_緣山慧照院常住物.jpg>,周彥羲,44854,日本-東京
279,70319845-35c1-42c4-81bb-88ac5b512d61,聯燈會要,讀杜草堂/靜節山房,寺田弘(一名盛業，字士弘，號望南),收藏,日本鹿兒島郡,日本鹿兒島郡,日本-鹿兒島,明治時期,1868-1912,3,(卷4)<70319845/pics/藏書印_讀杜艸堂.jpg>(序首)<70319845/pics/藏書印_寺田盛業.jpg>(序首)<70319845/pics/藏書印_天下無雙.jpg>(序首)<70319845/pics/藏書印_清月山房.jpg>(序首)<70319845/pics/藏書印_古山.jpg>(序首)<70319845/pics/藏書印_字土弧號望南.jpg>,周彥羲,44854,日本-鹿兒島
280,70319845-35c1-42c4-81bb-88ac5b512d61,聯燈會要,宮内省圖書寮,,收藏,日本東京,日本東京,日本-東京-千代田-皇居,一九一二年後,1912-1949,4,(序首)<0C636A41/pics/藏書印_宮內省圖書印.jpg>,周彥羲,44854,日本-東京-千代田-皇居
281,70319845-35c1-42c4-81bb-88ac5b512d61,聯燈會要,宮内廳書陵部,,收藏,日本東京,日本東京,日本-東京-千代田-皇居,一九四九年後,>1949,5,,周彥羲,44854,日本-東京-千代田-皇居
282,0c636a41-3e61-4476-b6f5-dc0d682b9f79,禪林類聚,,館機(名機，字樞卿),補鈔,日本,日本,日本,天保八年丁酉歲八月十一日,1837,1,(卷15)<0C636A41/pics/題識.jpg>,周彥羲,44863,日本
283,0c636a41-3e61-4476-b6f5-dc0d682b9f79,禪林類聚,讀杜草堂/靜節山房,寺田弘(一名盛業，字士弘，號望南),收藏,日本鹿兒島郡,日本鹿兒島郡,日本-鹿兒島,明治時期,1868-1912,2,(卷2首)<0C636A41/pics/藏書印_東京溜池靈南街第四號讀杜艸堂主人寺田盛業印記.jpg>(卷1)<0C636A41/pics/藏書印_薩摩國鹿兒島郡寺田平氏靜節山房清秘圖書記.jpg>(序首)<0C636A41/pics/藏書印_讀杜艸堂.jpg>(序首)<0C636A41/pics/藏書印_天下無雙.jpg>(序末)<0C636A41/pics/藏書印_藏叟.jpg>,周彥羲,44863,日本-鹿兒島
284,0c636a41-3e61-4476-b6f5-dc0d682b9f79,禪林類聚,宮内省圖書寮,,收藏,日本東京,日本東京,日本-東京-千代田-皇居,一九一二年後,1912-1949,3,(序首)<0C636A41/pics/藏書印_宮內省圖書印.jpg>,周彥羲,44863,日本-東京-千代田-皇居
285,0c636a41-3e61-4476-b6f5-dc0d682b9f79,禪林類聚,宮内廳書陵部,,收藏,日本東京,日本東京,日本-東京-千代田-皇居,一九四九年後,>1949,4,,周彥羲,44863,日本-東京-千代田-皇居
286,e0d5423b-eb8e-4553-b183-f2d69f24e5d9,景文宋公集,金澤文庫,,,日本神奈川縣橫濱市金澤區金澤町,日本神奈川縣橫濱市金澤區金澤町,日本-神奈川-橫濱-金澤,北条實時之後,>1224,1,(卷31末)<e0d5423b\pics\藏書印_金澤文庫.png>,曾程,44861,日本-神奈川-橫濱-金澤
287,e0d5423b-eb8e-4553-b183-f2d69f24e5d9,景文宋公集,,毛利高標,收藏,日本九州佐伯藩,日本九州大分縣佐伯市,日本-九州-大分-佐伯,,1755-1801,2,(卷32葉3)<e0d5423b\pics\藏書印_佐伯侯毛利高標字培松藏書畫之印.png>,曾程,44861,日本-九州-大分-佐伯
288,e0d5423b-eb8e-4553-b183-f2d69f24e5d9,景文宋公集,太政官文庫,,,日本東京赤坂離宮,日本東京都港區赤坂離宮,日本-東京-千代田-北之丸公園,明治十二年至明治十九年,1879-1886,3,(卷1)<e0d5423b\pics\藏書印_秘閣圖書之章.png>,曾程,44861,日本-東京-千代田-北之丸公園
289,e0d5423b-eb8e-4553-b183-f2d69f24e5d9,景文宋公集,宮内省圖書寮,,,日本東京都千代田區皇居,日本東京都千代田區皇居,日本-東京-千代田-皇居,明治二十四年,>1891,4,(卷1)<e0d5423b\pics\藏書印_宮內省圖書印.png>,曾程,44861,日本-東京-千代田-皇居
290,e0d5423b-eb8e-4553-b183-f2d69f24e5d9,景文宋公集,宮内省圖書寮,,,日本東京都千代田區皇居,日本東京都千代田區皇居,日本-東京-千代田-皇居,明治二十四年,>1891,5,,曾程,44861,日本-東京-千代田-皇居
291,3e3e9c9a-a257-45ab-a6bf-b8c5e0ece7a1,增廣太平惠民和劑局方,,多紀元簡,收藏,日本東京都千代田區神田佐九間町醫學館,日本東京都千代田區神田佐九間町,日本-東京-千代田-神田佐九間町,寶歷五年至文化七年,1755-1810,1,(卷1)<3e3e9c9a\pics\藏書印_多紀氏藏書印.png>,曾程,44861,日本-東京-千代田-神田佐九間町
292,3e3e9c9a-a257-45ab-a6bf-b8c5e0ece7a1,增廣太平惠民和劑局方,醫學館,,,日本東京都千代田區神田佐九間町醫學館,日本東京都千代田區神田佐九間町,日本-東京-千代田-神田佐九間町,寬政三年後,>1791,2,(卷1)<3e3e9c9a\pics\藏書印_江戶醫學藏書之記.png>,曾程,44861,日本-東京-千代田-神田佐九間町
293,3e3e9c9a-a257-45ab-a6bf-b8c5e0ece7a1,增廣太平惠民和劑局方,帝國博物館,,,日本東京都台東區上野公園,日本東京都台東區上野公園,中國-東京-臺東-上野公園,明治二十二年後,>1889,3,(卷1)<3e3e9c9a\pics\藏書印_帝國博物館圖書.png>,曾程,44861,中國-東京-臺東-上野公園
294,3e3e9c9a-a257-45ab-a6bf-b8c5e0ece7a1,增廣太平惠民和劑局方,宮内省圖書寮,,,日本東京都千代田區皇居,日本東京都千代田區皇居,日本-東京-千代田-皇居,明治十七年後,>1884,4,(卷1)<3e3e9c9a\pics\藏書印_宮內省圖書印.png>,曾程,44861,日本-東京-千代田-皇居
295,3e3e9c9a-a257-45ab-a6bf-b8c5e0ece7a1,增廣太平惠民和劑局方,宮内省圖書寮,,,日本東京都千代田區皇居,日本東京都千代田區皇居,日本-東京-千代田-皇居,明治十七年後,>1884,5,,曾程,44861,日本-東京-千代田-皇居
296,37170858-e158-471f-b957-f26e61c6cf02,歐陽文忠公集,,沢田一斎,收藏,日本京都,日本京都,日本-京都,元祿十四年至天明二年,1701-1782,1,(卷1)<37170858\pics\藏書印_奚疑齋藏書.png>,曾程,44861,日本-京都
297,37170858-e158-471f-b957-f26e61c6cf02,歐陽文忠公集,宮内省圖書寮,,,日本東京都千代田區皇居,日本東京都千代田區皇居,日本-東京-千代田-皇居,明治十七年後,>1884,2,(卷1)<37170858\pics\藏書印_帝室圖書之章.png>,曾程,44861,日本-東京-千代田-皇居
298,37170858-e158-471f-b957-f26e61c6cf02,歐陽文忠公集,宮内省圖書寮,,,日本東京都千代田區皇居,日本東京都千代田區皇居,日本-東京-千代田-皇居,明治十七年後,>1884,3,,曾程,44861,日本-東京-千代田-皇居
299,78dd2a3b-2494-4cb3-8861-8c58dbf78b87-2,四書輯釋,,,題識/訓點,,,,應永九年,1402,1,(卷14末)<78dd2a3b\pics\題識_應永九年.png>,曾程,44861,
300,78dd2a3b-2494-4cb3-8861-8c58dbf78b87-2,四書輯釋,昌平坂學問所,,,日本東京都忍岡,日本東京都台東區上野,日本-東京-文京-湯島,享和壬戌及以後,>1802,2,(卷1末)<78dd2a3b\pics\藏書印_昌平坂學問所.png>,曾程,44861,日本-東京-文京-湯島
301,78dd2a3b-2494-4cb3-8861-8c58dbf78b87-2,四書輯釋,享和壬戌,,,日本東京都忍岡,日本東京都台東區上野,日本-東京-台東-上野,,1802,2,(卷1末)<78dd2a3b\pics\藏書印_享和壬戌.png>,曾程,44861,日本-東京-台東-上野
302,78dd2a3b-2494-4cb3-8861-8c58dbf78b87-2,四書輯釋,淺草文庫,,,日本東京都忍岡,日本東京都台東區上野,日本-東京-台東-藏前町,明治七年至明治十四年,1874-1881,3,(卷1)<78dd2a3b\pics\藏書印_淺草文庫.png>,曾程,44861,日本-東京-台東-藏前町
303,78dd2a3b-2494-4cb3-8861-8c58dbf78b87-2,四書輯釋,日本政府圖書,,,日本東京都赤坂離宮,日本東京都港區赤坂離宮,日本-東京-港區,明治十九年之後,>1886,4,(卷1)<78dd2a3b\pics\藏書印_日本政府圖書.png>,曾程,44861,日本-東京-港區
304,78dd2a3b-2494-4cb3-8861-8c58dbf78b87-2,四書輯釋,御府圖書,,,,,,,,,(卷1)<78dd2a3b\pics\藏書印_御府圖書.png>,曾程,44861,
305,78dd2a3b-2494-4cb3-8861-8c58dbf78b87-2,四書輯釋,最下方的印章看不清,,,,,,,,,(卷1)<78dd2a3b\pics\藏書印_.png>,曾程,44861,
306,78dd2a3b-2494-4cb3-8861-8c58dbf78b87-1,四書輯釋,金地院,,,日本京都相國寺,日本京都相國寺,日本-京都,,>1382,1,(卷首)<78dd2a3b\pics\藏書印_金地院.png>,曾程,44861,日本-京都
307,78dd2a3b-2494-4cb3-8861-8c58dbf78b87-1,四書輯釋,宮内省圖書寮,,,日本東京都千代田區皇居,日本東京都千代田區皇居,日本-東京-千代田-皇居,明治十七年後,>1884,2,(卷首)<78dd2a3b\pics\藏書印_宮內省藏書印.png>,曾程,44861,日本-東京-千代田-皇居
308,78dd2a3b-2494-4cb3-8861-8c58dbf78b87,四書輯釋,宮内省圖書寮,,,日本東京都千代田區皇居,日本東京都千代田區皇居,日本-東京-千代田-皇居,,,5,,曾程,44861,日本-東京-千代田-皇居
309,3d678609-87ca-428f-be89-21ca2373e81b,春秋胡氏傳附錄纂疏,,唐寅,收藏,蘇州府吳縣,江蘇省蘇州市,中國-江蘇-蘇州,成化六年至嘉靖二年,1470-1523,1,(卷前先儒格言下)<3d678609\pics\藏書印_唐寅私印.png>,曾程,44861,中國-江蘇-蘇州
310,3d678609-87ca-428f-be89-21ca2373e81b,春秋胡氏傳附錄纂疏,,錢孫愛,收藏,蘇州府常熟縣,江蘇省張家港市,中國-江蘇-張家港,崇禎二年至約康熙二十六年,1629-1687,2,(卷前引用書目)<3d678609\pics\藏書印_錢孺飴讀書記.png>,曾程,44861,中國-江蘇-張家港
311,3d678609-87ca-428f-be89-21ca2373e81b,春秋胡氏傳附錄纂疏,,汪啟淑,收藏,杭州,浙江省杭州市,中國-浙江-杭州,雍正六年至嘉慶四年,1728-1799,3,(卷前先儒格言下)<3d678609\pics\藏書印_啟淑信印.png>,曾程,44861,中國-浙江-杭州
312,3d678609-87ca-428f-be89-21ca2373e81b,春秋胡氏傳附錄纂疏,昌平坂學問所,,,日本東京都忍岡,日本東京都台東區上野,日本-東京-文京-湯島,文化辛未及以後,1811,4,(卷1前葉)<3d678609\pics\藏書印_昌平坂學問所.png>,曾程,44861,日本-東京-文京-湯島
313,3d678609-87ca-428f-be89-21ca2373e81b,春秋胡氏傳附錄纂疏,文化辛未,,,日本東京都忍岡,日本東京都台東區上野,日本-東京-台東-上野,,,4,(卷1前葉)<3d678609\pics\藏書印_文化辛未.png>,曾程,44861,日本-東京-台東-上野
314,3d678609-87ca-428f-be89-21ca2373e81b,春秋胡氏傳附錄纂疏,大學,,,日本東京都忍岡,日本東京都台東區上野,日本-東京-台東-上野,明治元年至明治四年,1868-1871,5,(卷1)<3d678609\pics\藏書印_大學藏書.png>,曾程,44861,日本-東京-台東-上野
315,3d678609-87ca-428f-be89-21ca2373e81b,春秋胡氏傳附錄纂疏,書籍館,,,日本東京都忍岡,日本東京都台東區上野,日本-東京-文京-湯島,明治五年至七年,1872-1874,6,(卷1)<3d678609\pics\藏書印_書籍館印.png>,曾程,44861,日本-東京-文京-湯島
316,3d678609-87ca-428f-be89-21ca2373e81b,春秋胡氏傳附錄纂疏,淺草文庫,,,日本東京都忍岡,日本東京都台東區上野,日本-東京-台東-藏前町,明治七年至明治十四年,1874-1881,7,(卷1)<3d678609\pics\藏書印_淺草文庫.png>,曾程,44861,日本-東京-台東-藏前町
317,3d678609-87ca-428f-be89-21ca2373e81b,春秋胡氏傳附錄纂疏,内閣文庫,,,日本東京都赤坂離宮,日本東京都港區赤坂離宮,日本-東京-千代田-北之丸公園,昭和八年之後,>1933,8,(卷1)<3d678609\pics\藏書印_日本政府圖書.png>,曾程,44861,日本-東京-千代田-北之丸公園
318,3d678609-87ca-428f-be89-21ca2373e81b,春秋胡氏傳附錄纂疏,御府圖書,,,,,,,,,(卷1)<3d678609\pics\藏書印_御府圖書.png>,曾程,44861,
319,3d678609-87ca-428f-be89-21ca2373e81b,春秋胡氏傳附錄纂疏,宮内省圖書寮,,,日本東京都千代田區皇居,日本東京都千代田區皇居,日本-東京-千代田-皇居,,,9,,曾程,44861,日本-東京-千代田-皇居
320,3fedb6e1-8dd4-44f7-b4c4-da00a34c00e2,誠齋集,,,批註,,,,,,2,(卷1)<3fedb/pics/題識_湘江曉.jpg>,付碧雯,44859,
321,3fedb6e1-8dd4-44f7-b4c4-da00a34c00e3,誠齋集,宮内省圖書寮,,收藏,日本東京,日本東京,日本-東京-千代田-皇居,明治年間,>1891,3,(目錄卷1)<3fedb/pics/藏書印_圖書寮印.jpg>,付碧雯,44859,日本-東京-千代田-皇居
322,3fedb6e1-8dd4-44f7-b4c4-da00a34c00e3,誠齋集,宮内廳書陵部,,收藏,日本東京,日本東京,日本-東京-千代田-皇居,昭和二十年後,>1945,4,(目錄卷1)<3fedb/pics/藏書印_圖書寮印.jpg>,付碧雯,44859,日本-東京-千代田-皇居
323,7323e6e7-0e3c-45f3-86cc-5506b5360ca1,誠齋先生南海集,肇慶軍府,劉渙,刊刻,肇慶軍府,廣東肇慶,中國-廣東-肇慶,淳熙丙午十二月,,1,書前序,付碧雯,2022年10月10日,中國-廣東-肇慶
324,7323e6e7-0e3c-45f3-86cc-5506b5360ca1,誠齋先生南海集,佐伯文庫,毛利高標,,佐伯,日本九州大分縣佐伯市,日本-愛知-名古屋-中區,天明年間,>1781,2,(卷首目錄)<7323E/pics/藏書印_佐伯侯毛利高標字培松藏書畫之印.jpg>,付碧雯,2022年10月10日,日本-愛知-名古屋-中區
325,7323e6e7-0e3c-45f3-86cc-5506b5360ca2,誠齋先生南海集,江戶幕府,毛利高翰,進獻,江戶城,日本東京千代田區,日本-東京-千代田,文政十一年,>1828,3,圖書寮漢籍善本書目,付碧雯,2022年10月10日,日本-東京-千代田
326,7323e6e7-0e3c-45f3-86cc-5506b5360ca2,誠齋先生南海集,宮内省圖書寮,,,日本東京,日本東京,日本-東京-千代田-皇居,,,4,(卷首目錄)<7323E/pics/藏書印_宮內省圖書印.jpg>,付碧雯,2022年10月10日,日本-東京-千代田-皇居
327,7323e6e7-0e3c-45f3-86cc-5506b5360ca3,誠齋先生南海集,宮内廳書陵部,,收藏,日本東京,日本東京,日本-東京-千代田-皇居,昭和二十年後,>1945,5,(卷首目錄)<7323E/pics/藏書印_宮內省圖書印.jpg>,付碧雯,44844,日本-東京-千代田-皇居
328,90b76791-ff7e-4f88-a13b-3ec2a6a47845,崔舍人玉堂類稿,,,,浙江,浙江中部,中國-浙江,南宋寧宗前期,1168-1200,1,附錄《柴栗山鑒定宋刊玉堂類稿記》,付碧雯,44854,中國-浙江
329,90b76791-ff7e-4f88-a13b-3ec2a6a47846,崔舍人玉堂類稿,金澤文庫,上杉憲實,收藏,日本神奈川,日本神奈川縣橫濱市金澤區金澤町,日本-神奈川-橫濱-金澤,日本室町時代,>1410,2,(卷1)<90b76/pics/藏書印_金澤文庫.jpg>,付碧雯,44854,日本-神奈川-橫濱-金澤
330,90b76791-ff7e-4f88-a13b-3ec2a6a47847,崔舍人玉堂類稿,翫月堂,小倉祐利,收藏,日本東京,日本東京,日本-東京,亨和三年前,<1803,3,(附錄)<90b76/pics/題識_小倉名祐利.jpg>,付碧雯,44854,日本-東京
331,90b76791-ff7e-4f88-a13b-3ec2a6a47848,崔舍人玉堂類稿,,柴邦彥,觀閱,日本,日本東京,日本-東京,亨和三年,1803.09,4,(附錄)<90b76/pics/藏書印_柴邦彥.jpg>,付碧雯,44854,日本-東京
332,90b76791-ff7e-4f88-a13b-3ec2a6a47849,崔舍人玉堂類稿,紅葉山文庫,,,日本東京,日本東京,日本-東京,明治初,>1884,5,(卷1)<90b76/pics/藏書印_祕閣圖書之章.jpg>,付碧雯,44854,日本-東京
333,90b76791-ff7e-4f88-a13b-3ec2a6a47850,崔舍人玉堂類稿,宮内省圖書寮,,收藏,日本東京,日本東京,日本-東京-千代田-皇居,明治年间,>1891,6,(卷1)<90b76/pics/藏書印_宮內省圖書印.jpg>,付碧雯,44854,日本-東京-千代田-皇居
334,90b76791-ff7e-4f88-a13b-3ec2a6a47850,崔舍人玉堂類稿,宮内廳書陵部,,收藏,日本東京,日本東京,日本-東京-千代田-皇居,昭和二十年後,>1945,7,(卷1)<90b76/pics/藏書印_宮內省圖書印.jpg>,付碧雯,44854,日本-東京-千代田-皇居
335,0244621c-eeff-490d-9013-b35eb2f8944a,中州集,真定,真定提學龍山趙候國寶,資助刊刻,真定,河北正定,中國-河北-正定,1249年次己酉,1249,1,影印說明,付碧雯,44852,中國-河北-正定
336,0244621c-eeff-490d-9013-b35eb2f8944a,中州集,,,刊刻,,,,蒙古憲宗五年,1255,2,(總目)<02446/pics/題識_乙卯新刊.jpg>,付碧雯,44852,
337,0244621c-eeff-490d-9013-b35eb2f8945a,中州集,圓德寺,,,日本岐阜,日本神奈川縣橫濱市金澤區金澤町,日本-神奈川-橫濱-金澤,,,3?,(丙集)<02446/pics/藏書印_圓德寺.jpg>,付碧雯,44852,日本-神奈川-橫濱-金澤
338,0244621c-eeff-490d-9013-b35eb2f8946a,中州集,神宮寺,,,日本京都,日本京都八幡市,日本-京都-八幡,天和元年前,<1663,4,(丙集)<02446/pics/藏書印_石清水神宮寺大乘律院常住.jpg>,付碧雯,44852,日本-京都-八幡
339,0244621c-eeff-490d-9013-b35eb2f8947a,中州集,建依別文庫,山内豊信,收藏,日本土佐藩,日本四國高知縣,日本-四國-高知,弘化三年後,>1846,5,(丙集末)<02446/pics/藏書印_建依別文庫.jpg>,付碧雯,44852,日本-四國-高知
340,0244621c-eeff-490d-9013-b35eb2f8949a,中州集,宮内省圖書寮,,收藏,日本東京,日本東京,日本-東京-千代田-皇居,明治年間,>1891,6,(丙集)<02446/pics/藏書印_御庭.jpg>?,付碧雯,44852,日本-東京-千代田-皇居
341,0244621c-eeff-490d-9013-b35eb2f8949a,中州集,宮内廳書陵部,,收藏,日本東京,日本東京,日本-東京-千代田-皇居,昭和二十年後,>1945,7,(丙集)<02446/pics/藏書印_御庭.jpg>?,付碧雯,44852,日本-東京-千代田-皇居
342,fb9981f9-890e-427e-a15b-3d8de82ed7af,太平御覽,金澤文庫,,收藏,日本神奈川縣橫濱市金澤區金澤町,日本神奈川縣橫濱市金澤區金澤町,日本-神奈川-橫濱-金澤,北条實時之後,>1224,1,(卷198)<FB9981F9/pics/藏書印_金澤文庫.jpg>,于涵煦,44856,日本-神奈川-橫濱-金澤
343,fb9981f9-890e-427e-a15b-3d8de82ed7af,太平御覽,相國寺,,,日本京都府京都市上京區今出川通烏丸東入相國寺門前町,日本京都府京都市上京區今出川通烏丸東入相國寺門前町,日本-京都-京都-上京,,,2,,于涵煦,44856,日本-京都-京都-上京
344,fb9981f9-890e-427e-a15b-3d8de82ed7af,太平御覽,楓山官庫,,,日本東京,日本東京,日本-東京-千代田,,>1602,3,,于涵煦,44856,日本-東京-千代田
345,fb9981f9-890e-427e-a15b-3d8de82ed7af,太平御覽,宮内省圖書寮,,,日本東京,日本東京,日本-東京-千代田-皇居,1891,>1891,4,,于涵煦,44856,日本-東京-千代田-皇居
346,fb9981f9-890e-427e-a15b-3d8de82ed7af,太平御覽,宮内廳書陵部,,,日本東京,日本東京,日本-東京-千代田-皇居,,,5,,于涵煦,44856,日本-東京-千代田-皇居
347,42c00138-2fc8-4bc7-a342-fb3f1f3e63f9,天台陳先生類編花果卉木全芳備祖,佐伯文庫,毛利高標,收藏,日本佐伯藩,日本大分縣佐伯市,日本-愛知-名古屋-中區,寶曆五年至享和元年,1755-1801,1,(卷14)<42C00138/pics/藏書印_佐伯侯毛利高標字培松藏書畫之印.jpg>,于涵煦,44838,日本-愛知-名古屋-中區
348,42c00138-2fc8-4bc7-a342-fb3f1f3e63f9,天台陳先生類編花果卉木全芳備祖,宮内省圖書寮,,,日本東京,日本東京,日本-東京-千代田-皇居,明治初,>1884,2,(卷14)<42C00138/pics/藏書印_帝室圖書之章.jpg>,于涵煦,44838,日本-東京-千代田-皇居
349,42c00138-2fc8-4bc7-a342-fb3f1f3e63f9,天台陳先生類編花果卉木全芳備祖,宮内廳書陵部,,,日本東京,日本東京,日本-東京-千代田-皇居,,,,,于涵煦,44838,日本-東京-千代田-皇居
350,be33331a-908b-4a9d-bf56-71615ca03ae3,誠齋四六發遣膏馥,佐伯文庫,毛利高標,收藏,日本佐伯藩,日本大分縣佐伯市,日本-愛知-名古屋-中區,寶曆五年至享和元年,1755-1801,1,(總序)<BE33331A/pics/藏書印_佐伯侯毛利高標字培松藏書畫之印.jpg>,于涵煦,44855,日本-愛知-名古屋-中區
351,be33331a-908b-4a9d-bf56-71615ca03ae3,誠齋四六發遣膏馥,宮内省圖書寮,,,日本東京,日本東京,日本-東京-千代田-皇居,明治初,>1884,2,(總序)<BE33331A/pics/藏書印_祕閣圖書之章1.jpg>,于涵煦,44855,日本-東京-千代田-皇居
352,be33331a-908b-4a9d-bf56-71615ca03ae3,誠齋四六發遣膏馥,宮内省圖書寮,,,日本東京,日本東京,日本-東京-千代田-皇居,明治初,>1884,3,(總序)<BE33331A/pics/藏書印_祕閣圖書之章2.jpg>,于涵煦,44855,日本-東京-千代田-皇居
353,be33331a-908b-4a9d-bf56-71615ca03ae3,誠齋四六發遣膏馥,宮内省圖書寮,,,日本東京,日本東京,日本-東京-千代田-皇居,明治初,>1884,4,(總序)<BE33331A/pics/藏書印_宮內省圖書印.jpg>,于涵煦,44855,日本-東京-千代田-皇居
354,be33331a-908b-4a9d-bf56-71615ca03ae3,誠齋四六發遣膏馥,宮内廳書陵部,,,日本東京,日本東京,日本-東京-千代田-皇居,,,5,,于涵煦,44855,日本-東京-千代田-皇居
355,dce3d991-bb5e-4dac-8262-41e598bc1c99,纂圖增新群書類要類事林廣記,宮内省圖書寮,,,日本東京,日本東京,日本-東京-千代田-皇居,明治初,>1884,1,(總序)<DCE3D991/pics/藏書印_御府圖書.jpg>,于涵煦,44855,日本-東京-千代田-皇居
356,dce3d991-bb5e-4dac-8262-41e598bc1c99,纂圖增新群書類要類事林廣記,宮内廳書陵部,,,日本東京,日本東京,日本-東京-千代田-皇居,,,2,,于涵煦,44855,日本-東京-千代田-皇居
357,90e83720-4be9-4a16-a450-52fcfec2a6d7,新編排韻增廣事類氏族大全,,,批校,,,,,,1,(卷4)<90E83720/pics/批校_尚父於周.jpg>,于涵煦,44855,
358,90e83720-4be9-4a16-a450-52fcfec2a6d7,新編排韻增廣事類氏族大全,宮内廳書陵部,,,日本東京,日本東京,日本-東京-千代田-皇居,,,2,,于涵煦,44855,日本-東京-千代田-皇居
359,ed368493-4b54-4a02-a1c8-c853ca14ce9d,集韻,金澤文庫,,,日本神奈川縣橫濱市金澤區金澤町,日本神奈川縣橫濱市金澤區金澤町,日本-神奈川-橫濱-金澤,北条實時之後,>1224,1,(卷2首)<ed368493/pics/藏書印_金澤文庫.jpg>,呂淑嫻,44839,日本-神奈川-橫濱-金澤
360,ed368493-4b54-4a02-a1c8-c853ca14ce9d,集韻,妙心寺,,,日本京都,日本京都府京都市右京區,日本-京都-京都-右京,,,2,(卷2首)<ed368493/pics/藏書印_蟠桃院.jpg>,呂淑嫻,44840,日本-京都-京都-右京
361,ed368493-4b54-4a02-a1c8-c853ca14ce9d,集韻,佐伯文庫,毛利高標,收藏,日本豐後國海部郡,日本大分県佐伯市大手町,日本-愛知-名古屋-中區,江戶後期,1755-1801,3,(卷2首)<ed368493/pics/藏書印_佐伯侯毛利高標字培松藏書畫之印.jpg>,呂淑嫻,44841,日本-愛知-名古屋-中區
362,ed368493-4b54-4a02-a1c8-c853ca14ce9d,集韻,德川幕府,德川幕府,,日本江戶,日本東京,日本-東京,江戶後期,>1818,4,,呂淑嫻,44842,日本-東京
363,ed368493-4b54-4a02-a1c8-c853ca14ce9d,集韻,太政官文庫,,,日本東京,日本東京,日本-東京-千代田-北之丸公園,明治17年,1884,5,(卷2首)<ed368493/pics/藏書印_祕閣圖書之章.jpg>,呂淑嫻,44843,日本-東京-千代田-北之丸公園
364,ed368493-4b54-4a02-a1c8-c853ca14ce9d,集韻,内閣文庫,,,日本東京,日本東京,日本-東京-千代田-北之丸公園,明治18年,1885,6,,呂淑嫻,44844,日本-東京-千代田-北之丸公園
365,ed368493-4b54-4a02-a1c8-c853ca14ce9d,集韻,宮内省圖書寮,,,日本東京,日本東京,日本-東京-千代田-皇居,1891,>1891,7,(卷2首)<ed368493/pics/藏書印_帝室圖書之章.jpg>,呂淑嫻,44845,日本-東京-千代田-皇居
366,ed368493-4b54-4a02-a1c8-c853ca14ce9d,集韻,宮内廳書陵部,,,日本東京,日本東京都千代田區千代田1-1,日本-東京-千代田-皇居,1949,>1949,8,,呂淑嫻,44845,日本-東京-千代田-皇居
367,376a2ae0-4dee-11ed-bdc3-0242ac120002,諸病源候論,金澤文庫,,,日本神奈川縣橫濱市金澤區金澤町,日本神奈川縣橫濱市金澤區金澤町,日本-神奈川-橫濱-金澤,北条實時之後,>1224,1,(卷首)<376a2ae0/pics/藏書印_金澤文庫.jpg>,呂淑嫻,44849,日本-神奈川-橫濱-金澤
368,376a2ae0-4dee-11ed-bdc3-0242ac120002,諸病源候論,懷仙樓,曲直瀨養安院家,收藏,日本江戶,日本東京,日本-東京,江戶時代,>1686,2,(卷首)<376a2ae0/pics/藏書印_養安院藏書.jpg>,呂淑嫻,44849,日本-東京
369,376a2ae0-4dee-11ed-bdc3-0242ac120002,諸病源候論,,森立之,收藏,日本江戶,日本東京,日本-東京,江戶明治之際,>1807,3,(卷首)<376a2ae0/pics/藏書印_森氏開萬冊府之記.jpg>,呂淑嫻,44849,日本-東京
370,376a2ae0-4dee-11ed-bdc3-0242ac120002,諸病源候論,,山田業廣,收藏,日本江戶,日本東京,日本-東京,江戶明治之際,>1808,4,(卷首)<376a2ae0/pics/藏書印_九折堂山田氏圖書之記.jpg>,呂淑嫻,44849,日本-東京
371,376a2ae0-4dee-11ed-bdc3-0242ac120002,諸病源候論,太政官文庫,,,日本東京,日本東京,日本-東京-千代田-北之丸公園,明治17年,1884,5,,呂淑嫻,44849,日本-東京-千代田-北之丸公園
372,376a2ae0-4dee-11ed-bdc3-0242ac120002,諸病源候論,内閣文庫,,,日本東京,日本東京,日本-東京-千代田-北之丸公園,明治18年,1885,6,,呂淑嫻,44849,日本-東京-千代田-北之丸公園
373,376a2ae0-4dee-11ed-bdc3-0242ac120002,諸病源候論,宮内省圖書寮,,,日本東京,日本東京,日本-東京-千代田-皇居,1891,>1891,7,(卷首)<376a2ae0/pics/藏書印_宮內省圖書印.jpg>,呂淑嫻,44849,日本-東京-千代田-皇居
374,376a2ae0-4dee-11ed-bdc3-0242ac120002,諸病源候論,宮内廳書陵部,,,日本東京,日本東京都千代田區千代田1-1,日本-東京-千代田-皇居,1949,>1949,8,,呂淑嫻,44849,日本-東京-千代田-皇居
375,376a2ae0-4dee-11ed-bdc3-0242ac120002,諸病源候論,,,描紅,,,,,,9,(卷首)<376a2ae0/pics/描紅.jpg>,呂淑嫻,44849,
376,376a2ae0-4dee-11ed-bdc3-0242ac120002,諸病源候論,,,批校,,,,,,10,(卷25)<376a2ae0/pics/批校.jpg>,呂淑嫻,44849,
377,268ad876-4eb8-11ed-bdc3-0242ac120002,程朱二先生周易傳義,昌平坂學問所,,,日本江戶,日本東京,日本-東京-文京-湯島,寬永7年,>1630,1,(卷1末)<268ad876/pics/藏書印_昌平坂學問所.jpg>(卷5末)<268ad876/pics/藏書印_文化乙亥.jpg>,呂淑嫻,44851,日本-東京-文京-湯島
378,268ad876-4eb8-11ed-bdc3-0242ac120002,程朱二先生周易傳義,書籍館,,,日本東京,日本東京,日本-東京-文京-湯島,明治5年,~1872,2,(卷2首)<268ad876/pics/藏書印_書籍館印>,呂淑嫻,44852,日本-東京-文京-湯島
379,268ad876-4eb8-11ed-bdc3-0242ac120002,程朱二先生周易傳義,淺草文庫,,,日本東京,日本東京,日本-東京-台東-藏前町,明治7年,>1874,3,(卷2首)<268ad876/pics/藏書印_淺草文庫>,呂淑嫻,44853,日本-東京-台東-藏前町
380,268ad876-4eb8-11ed-bdc3-0242ac120002,程朱二先生周易傳義,太政官文庫,,,日本東京,日本東京,日本-東京-千代田-北之丸公園,明治17年,1884,4,,呂淑嫻,44854,日本-東京-千代田-北之丸公園
381,268ad876-4eb8-11ed-bdc3-0242ac120002,程朱二先生周易傳義,内閣文庫,,,日本東京,日本東京,日本-東京-千代田-北之丸公園,明治18年,1885,5,(卷1末)<268ad876/pics/藏書印_日本政府圖書>,呂淑嫻,44855,日本-東京-千代田-北之丸公園
382,268ad876-4eb8-11ed-bdc3-0242ac120002,程朱二先生周易傳義,宮内省圖書寮,,,日本東京,日本東京,日本-東京-千代田-皇居,明治24年,>1891,6,(卷4首)<268ad876/pics/藏書印_帝室圖書之章>,呂淑嫻,44856,日本-東京-千代田-皇居
383,268ad876-4eb8-11ed-bdc3-0242ac120002,程朱二先生周易傳義,宮内廳書陵部,,,日本東京,日本東京都千代田區千代田1-1,日本-東京-千代田-皇居,1949,>1949,7,,呂淑嫻,44857,日本-東京-千代田-皇居
384,268ad876-4eb8-11ed-bdc3-0242ac120002,程朱二先生周易傳義,,,批校,,,,,,8,(卷10)<268ad876/pics/批校.jpg>,呂淑嫻,44858,
385,268ad876-4eb8-11ed-bdc3-0242ac120002,程朱二先生周易傳義,,,,,,,,,9,(卷10末)<268ad876/pics/藏書印_未知印章.jpg>,呂淑嫻,44859,
386,268ad876-4eb8-11ed-bdc3-0242ac120002,程朱二先生周易傳義,,,,,,,,,10,(卷1首)<268ad876/pics/藏書印_未知印章2.jpg>,呂淑嫻,44859,
387,3e3d8322-4ed3-11ed-bdc3-0242ac120002,詩集傳音釋,昌平坂學問所,,,日本江戶,日本東京,日本-東京-文京-湯島,寬永7年,>1630,1,(卷5末)<3e3d8322/pics/藏書印_昌平坂學問所.jpg>(卷8末)<3e3d8322/pics/藏書印_文政乙酉.jpg>,呂淑嫻,44852,日本-東京-文京-湯島
388,3e3d8322-4ed3-11ed-bdc3-0242ac120002,詩集傳音釋,大學校,,,日本東京,日本東京,日本-東京-台東-上野,明治2年,>1869,2,(卷9首)<3e3d8322/pics/藏書印_大學校圖書之印.jpg>,呂淑嫻,44853,日本-東京-台東-上野
389,3e3d8322-4ed3-11ed-bdc3-0242ac120002,詩集傳音釋,書籍館,,,日本東京,日本東京,日本-東京-文京-湯島,明治5年,~1872,3,(卷1首)<3e3d8322/pics/藏書印_書籍館印.jpg>,呂淑嫻,44854,日本-東京-文京-湯島
390,3e3d8322-4ed3-11ed-bdc3-0242ac120002,詩集傳音釋,淺草文庫,,,日本東京,日本東京,日本-東京-台東-藏前町,明治7年,>1874,4,(卷6首)<3e3d8322/pics/藏書印_淺草文庫.jpg>,呂淑嫻,44855,日本-東京-台東-藏前町
391,3e3d8322-4ed3-11ed-bdc3-0242ac120002,詩集傳音釋,太政官文庫,,,日本東京,日本東京,日本-東京-千代田-北之丸公園,明治17年,1884,5,,呂淑嫻,44856,日本-東京-千代田-北之丸公園
392,3e3d8322-4ed3-11ed-bdc3-0242ac120002,詩集傳音釋,内閣文庫,,,日本東京,日本東京,日本-東京-千代田-北之丸公園,明治18年,1885,6,(卷2末)<3e3d8322/pics/藏書印_日本政府圖書.jpg>,呂淑嫻,44857,日本-東京-千代田-北之丸公園
393,3e3d8322-4ed3-11ed-bdc3-0242ac120002,詩集傳音釋,宮内省圖書寮,,,日本東京,日本東京,日本-東京-千代田-皇居,明治24年,>1891,7,,呂淑嫻,44858,日本-東京-千代田-皇居
394,3e3d8322-4ed3-11ed-bdc3-0242ac120002,詩集傳音釋,宮内廳書陵部,,,日本東京,日本東京都千代田區千代田1-1,日本-東京-千代田-皇居,1949,>1949,8,,呂淑嫻,44859,日本-東京-千代田-皇居
395,3e3d8322-4ed3-11ed-bdc3-0242ac120002,詩集傳音釋,,,,,,,明治時代,>1868,9,(卷9首)<3e3d8322/pics/藏書印_御府圖書.jpg>,呂淑嫻,44860,
396,3e3d8322-4ed3-11ed-bdc3-0242ac120002,詩集傳音釋,,,,,,,明治時代,>1868,10,(卷2)<3e3d8322/pics/批校.jpg>,呂淑嫻,44861,
397,455248a0-4ed3-11ed-bdc3-0242ac120002,古今韻會舉要,佐伯文庫,毛利高標,收藏,日本豐後國海部郡,日本大分県佐伯市大手町,日本-愛知-名古屋-中區, 江戶後期,1755-1801,1,(卷首)<455248a0/pics/藏書印_佐伯矦毛利高標字培松藏書畫之印.jpg>,呂淑嫻,44854,日本-愛知-名古屋-中區
398,455248a0-4ed3-11ed-bdc3-0242ac120002,古今韻會舉要,德川幕府,德川幕府,,日本江戶,日本東京,日本-東京,江戶後期,>1801,2,,呂淑嫻,44854,日本-東京
399,455248a0-4ed3-11ed-bdc3-0242ac120002,古今韻會舉要,太政官文庫,,,日本東京,日本東京,日本-東京-千代田-北之丸公園,明治17年,1884,3,(卷6首)<455248a0/pics/藏書印_祕閣圖書之章.jpg>,呂淑嫻,44854,日本-東京-千代田-北之丸公園
400,455248a0-4ed3-11ed-bdc3-0242ac120002,古今韻會舉要,内閣文庫,,,日本東京,日本東京,日本-東京-千代田-北之丸公園,明治18年,1885,4,,呂淑嫻,44854,日本-東京-千代田-北之丸公園
401,455248a0-4ed3-11ed-bdc3-0242ac120002,古今韻會舉要,宮内省圖書寮,,,日本東京,日本東京,日本-東京-千代田-皇居,明治24年,>1891,5,(卷6首)<455248a0/pics/藏書印_帝室圖書之章.jpg>,呂淑嫻,44854,日本-東京-千代田-皇居
402,455248a0-4ed3-11ed-bdc3-0242ac120002,古今韻會舉要,宮内廳書陵部,,,日本東京,日本東京都千代田區千代田1-1,日本-東京-千代田-皇居,1949,>1949,6,,呂淑嫻,44854,日本-東京-千代田-皇居
