,ID,書名,book_type,library,library_ori,lib_type,agent,agent_type,經手方式,地點,Location,location_std,時間,Time,次序,來源,錄入員,錄入時間,location_std_new
0,fff33db7-ae5b-4217-9c25-92ba6e1848fa,論語注疏,经部,,,不详,邢昺,不详,疏,蜀,四川,中國-四川,南宋,1127-1279,0,《日本宮內廳書陵部藏宋元版漢籍選刊》23,張三,2022年8月20日,中國-四川
1,fff33db7-ae5b-4217-9c25-92ba6e1848fa,論語注疏,经部,誌書精舍,誌書精舍,私人,顧然,學者,收藏,江蘇崑山,江蘇崑山,中國-江蘇-崑山,南宋理宗時期,1205-1264,1,(卷1)<FFF33DB7/pics/藏書印_槜李顧然雝叔.jpg>(卷1)<FFF33DB7/pics/藏書印_顧氏定齋藏書.jpg>(卷3末)<FFF33DB7/pics/藏書印_定齋.jpg>(卷3末)<FFF33DB7/pics/藏書印_誌書精舍.jpg>,張三,2022年8月20日,中國-江蘇-崑山
2,fff33db7-ae5b-4217-9c25-92ba6e1848fa,論語注疏,经部,金澤文庫,金澤文庫,公家,,不详,,日本神奈川縣橫濱市金澤區金澤町,日本神奈川縣橫濱市金澤區金澤町,日本-神奈川-橫濱-金澤-金澤町,北条實時之後,>1224,2,(卷4)<FFF33DB7/pics/藏書印_金澤文庫.jpg>,張三,2022年8月20日,日本-神奈川-橫濱-金澤-金澤町
3,fff33db7-ae5b-4217-9c25-92ba6e1848fa,論語注疏,经部,楓山官庫,楓山官庫,不详,,不详,,日本東京,日本東京,日本-東京-千代田,,>1602,3,,張三,2022年8月20日,日本-東京-千代田
4,fff33db7-ae5b-4217-9c25-92ba6e1848fa,論語注疏,经部,太政官文庫,國立公文書館,公家,,不详,,日本東京,日本東京,日本-東京-千代田-北之丸公園,明治初,>1884,4,(卷1)<FFF33DB7/pics/藏書印_祕閣圖書之章.jpg>,張三,2022年8月20日,日本-東京-千代田-北之丸公園
5,fff33db7-ae5b-4217-9c25-92ba6e1848fa,論語注疏,经部,内閣文庫,國立公文書館,公家,,不详,,日本東京,日本東京,日本-東京-千代田-北之丸公園,明治初,>1885,5,,張三,2022年8月20日,日本-東京-千代田-北之丸公園
6,fff33db7-ae5b-4217-9c25-92ba6e1848fa,論語注疏,经部,宮内省圖書寮,宮内廳書陵部,皇家,,不详,,日本東京,日本東京,日本-東京-千代田-皇居,1891,>1891,6,,張三,2022年8月20日,日本-東京-千代田-皇居
7,4ad5eb22-ef20-48fb-8357-40e90e0ef54a,文選（明州本）,集部,,,不详,趙善繼/盧欽,學者,校正刊刻,地點,浙江寧波,中國-浙江-寧波,紹興二十八年,1158,0,(卷60末)<4AD5EB22/pics/刊記_右文選.jpg>,張三,2022年8月20日,中國-浙江-寧波
8,4ad5eb22-ef20-48fb-8357-40e90e0ef54a,文選（明州本）,集部,,,不详,菅原在輔,學者,收藏?/題識,日本,日本,日本,正和二年,1313,1,(卷34)<4AD5EB22/pics/題識_正和二年.jpg>,張三,2022年8月20日,日本
9,4ad5eb22-ef20-48fb-8357-40e90e0ef54a,文選（明州本）,集部,京都妙覺寺,京都妙覺寺,寺廟,日典,學者,題識/訓點,日本京都,日本京都,日本-京都,文祿元年以前,<1592,2,(總目錄末)<4AD5EB22/pics/題識_斯書本僧日典.jpg>(卷20)<4AD5EB22/pics/其他_妙覺寺常住日典.jpg>,張三,2022年8月20日,日本-京都
10,4ad5eb22-ef20-48fb-8357-40e90e0ef54a,文選（明州本）,集部,,,不详,林宗二,學者,題識/訓點,日本奈良,日本奈良,日本-奈良,永祿九年丙寅四月十六日,1566,3,(卷20末)<4AD5EB22/pics/題識_先年稱名院殿.jpg>,張三,2022年8月20日,日本-奈良
11,4ad5eb22-ef20-48fb-8357-40e90e0ef54a,文選（明州本）,集部,,,不详,,不详,題識,日本,日本,日本,明治二十一年,1888,4,(卷60末)<4AD5EB22/pics/題識_右文選.jpg>,張三,2022年8月20日,日本
12,4ad5eb22-ef20-48fb-8357-40e90e0ef54a,文選（明州本）,集部,宮内省圖書寮,宮内廳書陵部,皇家,,不详,,日本東京,日本東京,日本-東京-千代田-皇居,,>1891,5,(總目錄)<4AD5EB22/pics/藏書印_宮內省圖書印.jpg>,張三,2022年8月20日,日本-東京-千代田-皇居
13,4ad5eb22-ef20-48fb-8357-40e90e0ef54a,文選（明州本）,集部,宮内省圖書寮,宮内廳書陵部,皇家,芝野六助,學者,題識,日本東京,日本東京,日本-東京-千代田-皇居,大正十一年壬戌冬,1922,6,(總目錄末)<4AD5EB22/pics/題識_斯書本僧日典.jpg>,張三,2022年8月20日,日本-東京-千代田-皇居
14,7759a62a-5366-4a68-9932-6f57bb805a5e,大方廣佛華嚴經,子部,,,不详,實叉難陀,不详,譯,紹興府,浙江紹興,中國-浙江-紹興,南宋,1139-1142,0,《日本宮內廳書陵部藏宋元版漢籍選刊》107,杜怡然,44839,中國-浙江-紹興
15,7759a62a-5366-4a68-9932-6f57bb805a5e,大方廣佛華嚴經,子部,京都高山寺,京都高山寺,寺廟,,不详,收藏,日本京都,日本京都,日本-京都,建永元年之後,>1206,1,(序)<7759A62A/pics/藏書印_高山寺.jpg>,杜怡然,44849,日本-京都
16,7759a62a-5366-4a68-9932-6f57bb805a5e,大方廣佛華嚴經,子部,宮内廳書陵部,宮内廳書陵部,皇家,,不详,,日本東京,日本東京,日本-東京-千代田-皇居,,,2,,杜怡然,44849,日本-東京-千代田-皇居
17,cd627f44-bfcd-4520-a5a9-26d551a80783,禪宗頌古聯珠通集,子部,,,不详,釋法應/釋普惠,不详,輯集/續輯,浙江,浙江,中國-浙江,元代,1271-1368,0,《日本宮內廳書陵部藏宋元版漢籍選刊》114,杜怡然,44839,中國-浙江
18,cd627f44-bfcd-4520-a5a9-26d551a80783,禪宗頌古聯珠通集,子部,,,不详,,不详,題跋,中國？,中國？,中國,,,1,(卷1)<CD627F44/pics/題跋_右佛菩薩部.jpg>,杜怡然,44849,中國
19,cd627f44-bfcd-4520-a5a9-26d551a80783,禪宗頌古聯珠通集,子部,金地院,金地院,寺廟,,不详,收藏,日本京都,日本京都,日本-京都-相國寺,元和五年之後,>1619,2,(序2)<CD627F44/pics/藏書印_金地院.jpg>,杜怡然,44849,日本-京都-相國寺
20,cd627f44-bfcd-4520-a5a9-26d551a80783,禪宗頌古聯珠通集,子部,,,不详,,不详,抄補,日本？,日本？,日本,,,3,(卷1)<CD627F44/pics/正文_西嚴惠.jpg>(卷1)<CD627F44/pics/正文_增收楞嚴經.jpg>,杜怡然,44849,日本
21,cd627f44-bfcd-4520-a5a9-26d551a80783,禪宗頌古聯珠通集,子部,,,不详,,不详,訓點/批校,日本,日本,日本,,,4,(卷1)<CD627F44/pics/正文_正法輪.jpg>(卷1)<CD627F44/pics/正文_辛夷非華也.jpg>,杜怡然,44849,日本
22,cd627f44-bfcd-4520-a5a9-26d551a80783,禪宗頌古聯珠通集,子部,宮内省圖書寮,宮内廳書陵部,皇家,,不详,,日本東京,日本東京,日本-東京-千代田-皇居,,>1891,5,(序1)<CD627F44/pics/藏書印_御府圖書.jpg>,杜怡然,44849,日本-東京-千代田-皇居
23,cd627f44-bfcd-4520-a5a9-26d551a80783,禪宗頌古聯珠通集,子部,宮内廳書陵部,宮内廳書陵部,皇家,,不详,,日本東京,日本東京,日本-東京-千代田-皇居,,,6,,杜怡然,44849,日本-東京-千代田-皇居
24,c3f700e1-8acb-4a2f-a384-cdc9ed282e79,禮記集說,经部,,,不详,陳澔,不详,撰,,,中國,元天曆元年,1328,0,《日本宮內廳書陵部藏宋元版漢籍選刊》11-12,黃漢,44849,中國
25,c3f700e1-8acb-4a2f-a384-cdc9ed282e79,禮記集說,经部,楓山文庫,楓山文庫,公家,,不详,,日本江戶紅葉山,日本東京紅葉山,日本-東京-紅葉山,,1602-1877,1,,黃漢,44849,日本-東京-紅葉山
26,c3f700e1-8acb-4a2f-a384-cdc9ed282e79,禮記集說,经部,太政官文庫,國立公文書館,公家,,不详,,日本江戶紅葉山,日本東京紅葉山,日本-東京-千代田-北之丸公園,明治初,>1884,2,(卷首凡例葉)<C3F70/pics/藏書印_秘閣圖書之章.png,黃漢,44849,日本-東京-千代田-北之丸公園
27,c3f700e1-8acb-4a2f-a384-cdc9ed282e79,禮記集說,经部,内閣文庫,國立公文書館,公家,,不详,,日本東京都赤坂離宮,日本東京都港區赤坂離宮,日本-東京-千代田-北之丸公園,明治初,>1885,3,,黃漢,44849,日本-東京-千代田-北之丸公園
28,c3f700e1-8acb-4a2f-a384-cdc9ed282e79,禮記集說,经部,宮内省圖書寮,宮内廳書陵部,皇家,,不详,,日本東京都千代田區皇居,日本東京都千代田區皇居,日本-東京-千代田-皇居,1891,>1891,4,(卷首凡例葉)<C3F70/pics/藏書印_御府圖書.png,黃漢,44849,日本-東京-千代田-皇居
29,c3f700e1-8acb-4a2f-a384-cdc9ed282e79,禮記集說,经部,宮内省書陵部,宮内省書陵部,不详,,不详,,日本東京都千代田區皇居,日本東京都千代田區皇居,日本-東京-千代田-皇居,,>1945,5,,黃漢,44849,日本-東京-千代田-皇居
30,10fda974-d969-479d-9901-84ef04596622,孝經,经部,,,不详,李隆基,不详,注,,,中國,北宋,960-1127,0,《日本宮內廳書陵部藏宋元版漢籍選刊》22,黃漢,44849,中國
31,10fda974-d969-479d-9901-84ef04596622,孝經,经部,,,不详,狩谷棭齋,學者,收藏,日本東京,日本東京,日本-東京,,1775-1835,1,"(卷首副葉)<10FDA/pics/藏書印_棭齋.png>(卷首副葉)<10FDA/pics/藏書印_狩谷望之.png>(卷末副葉)<
10FDA/pics/藏書印_狩谷望之審定宋本.png>(卷末副葉)<10FDA/pics/藏書印_湯島狩谷氏求古楼圖書記.png>",黃漢,44849,日本-東京
32,10fda974-d969-479d-9901-84ef04596622,孝經,经部,,,不详,木村正辭,學者,收藏,日本東京,日本東京,日本-東京,,1835-1907,2,,黃漢,44849,日本-東京
33,10fda974-d969-479d-9901-84ef04596622,孝經,经部,宮内省圖書寮,宮内廳書陵部,皇家,,不详,,日本東京都千代田區皇居,日本東京都千代田區皇居,日本-東京-千代田-皇居,,>1907,3,(卷首序葉)<10FDA/pics/藏書印_宮內省圖書印.png>,黃漢,44849,日本-東京-千代田-皇居
34,10fda974-d969-479d-9901-84ef04596622,孝經,经部,宮内省書陵部,宮内省書陵部,不详,,不详,,日本東京都千代田區皇居,日本東京都千代田區皇居,日本-東京-千代田-皇居,,>1945,4,,黃漢,44849,日本-東京-千代田-皇居
35,0733a8bb-7164-46b3-adab-c4a0d6595be8,爾雅注疏,经部,,,不详,郭璞/邢昺,不详,注/疏,,,中國,元代,1271-1368,0,《日本宮內廳書陵部藏宋元版漢籍選刊》26,黃漢,44849,中國
36,0733a8bb-7164-46b3-adab-c4a0d6595be8,爾雅注疏,经部,,,不详,范履祥,學者,收藏,中國,中國,中國,明代,1368-1644,1,(卷2首葉)<0733A/pics/藏書印_明范履祥.png>,黃漢,44849,中國
37,0733a8bb-7164-46b3-adab-c4a0d6595be8,爾雅注疏,经部,昌平坂學問所,昌平坂學問所,大學,,不详,,日本東京,日本東京文京區湯島,日本-東京-文京-湯島,文政元年,1852-1874,2,(卷1末葉)<0733A/pics/藏書印_昌平坂學問所.png>(卷1末葉)<0733A/pics/藏書印_文政戊寅.png>,黃漢,44849,日本-東京-文京-湯島
38,0733a8bb-7164-46b3-adab-c4a0d6595be8,爾雅注疏,经部,淺草文庫,淺草文庫,公家,,不详,,日本東京都忍岡,日本東京都台東區上野,日本-東京-台東-藏前町,,1874-1884,3,(卷1首葉)<0733A/pics/藏書印_淺草文庫.png>,黃漢,44849,日本-東京-台東-藏前町
39,0733a8bb-7164-46b3-adab-c4a0d6595be8,爾雅注疏,经部,内閣文庫,國立公文書館,公家,,不详,,日本東京都赤坂離宮,日本東京都港區赤坂離宮,日本-東京-千代田-北之丸公園,,1884-1891,4,,黃漢,44849,日本-東京-千代田-北之丸公園
40,0733a8bb-7164-46b3-adab-c4a0d6595be8,爾雅注疏,经部,宮内省圖書寮,宮内廳書陵部,皇家,,不详,,日本東京都千代田區皇居,日本東京都千代田區皇居,日本-東京-千代田-皇居,,>1891,5,,黃漢,44849,日本-東京-千代田-皇居
41,0733a8bb-7164-46b3-adab-c4a0d6595be8,爾雅注疏,经部,宮内省書陵部,宮内省書陵部,不详,,不详,,日本東京都千代田區皇居,日本東京都千代田區皇居,日本-東京-千代田-皇居,,>1945,6,,黃漢,44849,日本-東京-千代田-皇居
42,d688e1a5-4469-43ad-bf55-503f902326c2,故唐律疏議名例篇,史部,,,不详,長孫無忌,不详,撰,,,中國,元至正十一年,1351,0,《日本宮內廳書陵部藏宋元版漢籍選刊》40,黃漢,44849,中國
43,d688e1a5-4469-43ad-bf55-503f902326c2,故唐律疏議名例篇,史部,,,不详,吳岫,學者,收藏,中國吳縣,中國江蘇蘇州,中國-江蘇-蘇州,明嘉靖,1522-1566,1,(卷首進律表疏葉)<D688E/pics/藏書印_吳岫家藏.png>,黃漢,44849,中國-江蘇-蘇州
44,d688e1a5-4469-43ad-bf55-503f902326c2,故唐律疏議名例篇,史部,佐伯藩,佐伯藩,私人,毛利高標,官員,收藏,日本江戶時代九州地區豐后國海部郡佐伯藩,日本大分縣佐伯市,日本-大分-佐伯,,>1566,2,(卷首序葉)<D688E/pics/藏書印_佐伯侯毛利高標字培松藏書畫之印.png>,黃漢,44849,日本-大分-佐伯
45,d688e1a5-4469-43ad-bf55-503f902326c2,故唐律疏議名例篇,史部,紅葉山文庫,紅葉山文庫,公家,,不详,,日本江戶紅葉山,日本東京紅葉山,日本-東京-紅葉山,文政,>1828,3,(卷6首葉)<D688E/pics/藏書印_紅葉山本.png>,黃漢,44849,日本-東京-紅葉山
46,d688e1a5-4469-43ad-bf55-503f902326c2,故唐律疏議名例篇,史部,大學校,大學校,大學,,不详,,日本東京都忍岡,日本東京都台東區上野,日本-東京-台東-上野,,1868-1871,4,(卷6首葉)<D688E/pics/藏書印_大學校圖書之印.png>,黃漢,44849,日本-東京-台東-上野
47,d688e1a5-4469-43ad-bf55-503f902326c2,故唐律疏議名例篇,史部,太政官文庫,國立公文書館,公家,,不详,,日本江戶紅葉山,日本東京紅葉山,日本-東京-千代田-北之丸公園,明治初,>1884,5,(卷首目録葉)<D688E/pics/藏書印_秘閣圖書之章.png>,黃漢,44849,日本-東京-千代田-北之丸公園
48,d688e1a5-4469-43ad-bf55-503f902326c2,故唐律疏議名例篇,史部,内閣文庫,國立公文書館,公家,,不详,,日本東京都赤坂離宮,日本東京都港區赤坂離宮,日本-東京-千代田-北之丸公園,明治初,>1885,6,,黃漢,44849,日本-東京-千代田-北之丸公園
49,d688e1a5-4469-43ad-bf55-503f902326c2,故唐律疏議名例篇,史部,宮内省圖書寮,宮内廳書陵部,皇家,,不详,,日本東京都千代田區皇居,日本東京都千代田區皇居,日本-東京-千代田-皇居,1891,>1891,7,(卷6首葉)<D688E/pics/藏書印_帝室圖書之章.png>,黃漢,44849,日本-東京-千代田-皇居
50,d688e1a5-4469-43ad-bf55-503f902326c2,故唐律疏議名例篇,史部,宮内省書陵部,宮内省書陵部,不详,,不详,,日本東京都千代田區皇居,日本東京都千代田區皇居,日本-東京-千代田-皇居,,>1945,8,,黃漢,44849,日本-東京-千代田-皇居
51,86bb9ba4-406c-11ed-b878-0242ac120002,本草衍義,子部,,,不详,寇宗奭,不详,撰,江南西路轉運司,江西省南昌市,中國-江西-南昌,南宋/南宋,1185/1195,0,《日本宮內廳書陵部藏宋元版漢籍選刊》63,黃漢,44849,中國-江西-南昌
52,86bb9ba4-406c-11ed-b878-0242ac120002,本草衍義,子部,楓山文庫,楓山文庫,公家,,不详,,日本江戶紅葉山,日本東京紅葉山,日本-東京-紅葉山,,1602-1877,1,,黃漢,44849,日本-東京-紅葉山
53,86bb9ba4-406c-11ed-b878-0242ac120002,本草衍義,子部,宮内省圖書寮,宮内廳書陵部,皇家,,不详,,日本東京都千代田區皇居,日本東京都千代田區皇居,日本-東京-千代田-皇居,1891,>1891,2,(卷首)<86BB9/pics/藏書印_帝室圖書之章.png,黃漢,44849,日本-東京-千代田-皇居
54,86bb9ba4-406c-11ed-b878-0242ac120002,本草衍義,子部,宮内省書陵部,宮内省書陵部,不详,,不详,,日本東京都千代田區皇居,日本東京都千代田區皇居,日本-東京-千代田-皇居,,>1945,3,,黃漢,44849,日本-東京-千代田-皇居
55,94bbd2c5-8188-4fdc-ad09-a8a2d8cbb647,尚書正義,经部,稱名寺,稱名寺,寺廟,圓種,僧侶,識語,日本神奈川縣橫濱市金澤區,日本神奈川縣橫濱市金澤區,日本-神奈川-橫濱-金澤,嘉元元年、二年,1303,1,(卷3末)< 94bbd/pics/識語_嘉元二年.jpg>(卷4末)< 94bbd/pics/識語_嘉元元年.jpg>(卷12末)< 94bbd/pics/識語_嘉元二年甲辰.jpg>,陳志軒,2022年10月2日,日本-神奈川-橫濱-金澤
56,94bbd2c5-8188-4fdc-ad09-a8a2d8cbb647,尚書正義,经部,金澤文庫,金澤文庫,公家,,不详,,日本神奈川縣橫濱市金澤區金澤町,日本神奈川縣橫濱市金澤區金澤町,日本-神奈川-橫濱-金澤-金澤町,北条實時之後,>1224,2,(卷3)< 94bbd/pics/藏書印_金澤文庫.jpg>,陳志軒,2022年10月14日,日本-神奈川-橫濱-金澤-金澤町
57,94bbd2c5-8188-4fdc-ad09-a8a2d8cbb647-1,尚書正義,经部,戶塚宿,戶塚宿,私人,伊勢屋源七,學者,,日本相模國鎌倉郡,日本神奈川縣橫濱市戶塚區,日本-神奈川-橫濱-戶塚,寬政八年前,<1796,3,,陳志軒,2022年10月14日,日本-神奈川-橫濱-戶塚
58,94bbd2c5-8188-4fdc-ad09-a8a2d8cbb647-2,尚書正義,经部,圓覺寺塔中歸源院,圓覺寺塔中歸源院,寺廟,,不详,,日本神奈川縣鎌倉市,日本神奈川縣鎌倉市,日本-神奈川-鎌倉,寬政八年前,<1796,3,(卷1)< 94bbd/pics/藏書印_歸源.jpg>,陳志軒,2022年10月14日,日本-神奈川-鎌倉
59,94bbd2c5-8188-4fdc-ad09-a8a2d8cbb647,尚書正義,经部,幕府?,幕府?,不详,多紀元簡,學者,收藏,,,日本,寬政八年,1796,4,,陳志軒,2022年10月14日,日本
60,94bbd2c5-8188-4fdc-ad09-a8a2d8cbb647,尚書正義,经部,楓山官庫,楓山官庫,不详,,不详,收藏,日本紅葉山,日本東京千代田區,日本-東京-千代田,享和三年,1803,5,,陳志軒,2022年10月14日,日本-東京-千代田
61,94bbd2c5-8188-4fdc-ad09-a8a2d8cbb647,尚書正義,经部,内閣文庫,國立公文書館,公家,,不详,收藏,日本東京,日本東京,日本-東京-千代田-北之丸公園,明治維新後,>1868,6,(卷1)< 94bbd/pics/藏書印_祕閣圖書之章.jpg>,陳志軒,2022年10月13日,日本-東京-千代田-北之丸公園
62,94bbd2c5-8188-4fdc-ad09-a8a2d8cbb647,尚書正義,经部,宮内省圖書寮,宮内廳書陵部,皇家,,不详,收藏,日本東京,日本東京,日本-東京-千代田-皇居,明治二十四年,1891,7,(卷1)< 94bbd/pics/藏書印_圖書寮印.jpg>,陳志軒,2022年10月13日,日本-東京-千代田-皇居
63,94bbd2c5-8188-4fdc-ad09-a8a2d8cbb647,尚書正義,经部,宮内廳書陵部,宮内廳書陵部,皇家,,不详,收藏,日本東京千代田區,日本東京千代田區,日本-東京-千代田-皇居,昭和二十四年,1949,8,,陳志軒,2022年10月28日,日本-東京-千代田-皇居
64,5955d382-5f1e-4969-9231-2784498403cd,呂氏家塾讀詩記,经部,,,不详,呂祖謙,不详,撰,浙江,浙江,中國-浙江,淳煕9年後的宋孝宗朝,1182-1189,0,《日本宮內廳書陵部藏宋元版漢籍選刊》5/書志書影,陳志軒,2022年11月14日,中國-浙江
65,5955d382-5f1e-4969-9231-2784498403cd,呂氏家塾讀詩記,经部,,,不详,,不详,,,,中國,明治十七年之前,<1884,1?,(卷1)< 5955d/pics/藏書印_鈞.jpg>,陳志軒,2022年11月15日,中國
66,5955d382-5f1e-4969-9231-2784498403cd,呂氏家塾讀詩記,经部,,,不详,,不详,,,,中國,明治十七年之前,<1884,1?,(卷1)< 5955d/pics/藏書印_華竹秀而野.jpg>,陳志軒,2022年11月15日,中國
67,5955d382-5f1e-4969-9231-2784498403cd,呂氏家塾讀詩記,经部,,,不详,,不详,,,,中國,明治十七年之前,<1884,1?,(卷1)< 5955d/pics/藏書印_不明.jpg>,陳志軒,2022年11月15日,中國
68,5955d382-5f1e-4969-9231-2784498403cd,呂氏家塾讀詩記,经部,桂宮文庫,桂宮文庫,公家,,不详,收藏,日本京都御苑,日本京都府京都市上京區,日本-京都-上京,天正十七年至明治十七年之間,1589-1884,2,,陳志軒,2022年11月15日,日本-京都-上京
69,5955d382-5f1e-4969-9231-2784498403cd,呂氏家塾讀詩記,经部,宮内省圖書寮,宮内廳書陵部,皇家,,不详,收藏,日本東京,日本東京,日本-東京-千代田-皇居,明治十七年之後,>1884,3,(卷1)< 5955d/pics/藏書印_宮内省圖書印.jpg>,陳志軒,2022年11月14日,日本-東京-千代田-皇居
70,5955d382-5f1e-4969-9231-2784498403cd,呂氏家塾讀詩記,经部,宮内廳書陵部,宮内廳書陵部,皇家,,不详,收藏,日本東京千代田區,日本東京千代田區,日本-東京-千代田-皇居,昭和二十四年,1949,4,,陳志軒,2022年11月14日,日本-東京-千代田-皇居
71,94bbd2c5-8188-4fdc-ad09-a8a2d8cbb647,尚書正義,经部,,,不详,孔穎達/王德韶/李子雲/朱長才/蘇德融/隋德素/王士雄/趙弘智/長孫無忌/李勣/于志寧/張行成/高季輔/褚遂良/柳奭/谷那律/劉伯莊/賈公彥/范義頵/齊威/柳士宣/孔志約/趙君贊/薛伯珍/史士弘/鄭祖玄/周玄達/李玄植/王真儒,不详,撰/覆審/刊定,江南州,江南,中國-江南,南宋隆興、乾道年間,1163-1173,0,《日本宮內廳書陵部藏宋元版漢籍選刊》3,陳志軒,2022年10月2日,中國-江南
76,307e9384-b429-43cc-ba6b-19fbd03ebca1,楊氏家藏方,子部,,,不详,楊倓,不详,撰,當塗郡,安徽省當塗縣,中國-安徽-當塗,淳熙12年/?,1185,0,《日本宮內廳書陵部藏宋元版漢籍選刊》66/書志書影,陳志軒,2022年10月12日,中國-安徽-當塗
77,307e9384-b429-43cc-ba6b-19fbd03ebca1,楊氏家藏方,子部,金澤文庫,金澤文庫,公家,,不详,收藏,日本神奈川縣橫濱市金澤區金澤町,日本神奈川縣橫濱市金澤區金澤町,日本-神奈川-橫濱-金澤-金澤町,北条實時之後,>1224,1,(目錄)< 307e9/pics/藏書印_金澤文庫.jpg>,陳志軒,2022年10月11日,日本-神奈川-橫濱-金澤-金澤町
78,307e9384-b429-43cc-ba6b-19fbd03ebca1,楊氏家藏方,子部,楓山官庫,楓山官庫,不详,,不详,收藏,日本紅葉山,日本東京千代田區,日本-東京-千代田,寬永十六年後,>1639,2,,陳志軒,2022年10月11日,日本-東京-千代田
79,307e9384-b429-43cc-ba6b-19fbd03ebca1,楊氏家藏方,子部,宮内省圖書寮,宮内廳書陵部,皇家,,不详,收藏,日本東京,日本東京,日本-東京-千代田-皇居,明治二十四年,1891,3,(目錄)< 307e9/pics/藏書印_帝室圖書之章.jpg>,陳志軒,2022年10月11日,日本-東京-千代田-皇居
80,307e9384-b429-43cc-ba6b-19fbd03ebca1,楊氏家藏方,子部,宮内廳書陵部,宮内廳書陵部,皇家,,不详,收藏,日本東京千代田區,日本東京千代田區,日本-東京-千代田-皇居,昭和二十四年,1949,4,,陳志軒,2022年10月28日,日本-東京-千代田-皇居
81,b66f0dad-ccb4-44c6-9c01-04f49d700a7c,正法眼藏,子部,,,不详,釋宗杲,不详,撰,,,中國,南宋光宗年間/延德三年,1147-1200/1491,0,《日本宮內廳書陵部藏宋元版漢籍選刊》113/書志書影,陳志軒,2022年10月12日,中國
82,b66f0dad-ccb4-44c6-9c01-04f49d700a7c,正法眼藏,子部,天龍寺鹿王院,天龍寺鹿王院,寺廟,,不详,收藏,日本京都右京區嵯峨北堀町,日本京都府京都右京區嵯峨北堀町,日本-京都-右京-嵯峨-北堀町,康暦二年後,>1380,1?,(卷1)< b66f0/pics/藏書印_鹿王院.jpg>,陳志軒,2022年10月27日,日本-京都-右京-嵯峨-北堀町
83,b66f0dad-ccb4-44c6-9c01-04f49d700a7c,正法眼藏,子部,天龍寺金剛院,天龍寺金剛院,寺廟,,不详,收藏,日本京都右京區嵯峨,日本京都府京都右京區嵯峨,日本-京都-右京-嵯峨,,,1?,(卷3)< b66f0/pics/藏書印_天龍金剛藏海印文常住.jpg>,陳志軒,2022年10月27日,日本-京都-右京-嵯峨
84,b66f0dad-ccb4-44c6-9c01-04f49d700a7c,正法眼藏,子部,南禪寺金地院,南禪寺金地院,寺廟,,不详,收藏,日本京都右京區南禪寺,日本京都府京都右京區南禪寺,日本-京都-右京-南禪寺,応永元年後,>1394,2,(卷3)< b66f0/pics/藏書印_金地院.jpg>,陳志軒,2022年10月27日,日本-京都-右京-南禪寺
85,b66f0dad-ccb4-44c6-9c01-04f49d700a7c,正法眼藏,子部,宮内省圖書寮,宮内廳書陵部,皇家,,不详,收藏,日本東京,日本東京,日本-東京-千代田-皇居,明治十七年之後,>1884,3,(卷3)< b66f0/pics/藏書印_宮内省圖書印.jpg>,陳志軒,2022年10月27日,日本-東京-千代田-皇居
86,b66f0dad-ccb4-44c6-9c01-04f49d700a7c,正法眼藏,子部,宮内廳書陵部,宮内廳書陵部,皇家,,不详,收藏,日本東京千代田區,日本東京千代田區,日本-東京-千代田-皇居,昭和二十四年,1949,4,,陳志軒,2022年10月28日,日本-東京-千代田-皇居
87,891a38fd-9cb8-495a-b18a-f4b65106e016,四書章圖纂釋,经部,,,不详,朱熹/程復心,不详,撰/纂釋,建安德新堂,福建省建瓯市,中國-福建-建瓯,至元三年,1337,0,《日本宮內廳書陵部藏宋元版漢籍選刊》25,陳志軒,2022年10月12日,中國-福建-建瓯
88,891a38fd-9cb8-495a-b18a-f4b65106e016,四書章圖纂釋,经部,不二北軒,不二北軒,私人,,不详,點校,京都東福寺塔頭不二庵,日本京都府京都市東山區本町15-778,日本-京都-東山-本町,應永二十年至文明七年,1413-1475,1,(卷5末)< 891a3/pics/識語_應永二十年.jpg>(卷5末)< 891a3/pics/識語_文明七年.jpg>,陳志軒,2022年10月13日,日本-京都-東山-本町
89,891a38fd-9cb8-495a-b18a-f4b65106e016,四書章圖纂釋,经部,,,不详,掘正意,學者,識語,,,日本,天正十四年至寬永二十年之間,1586-1643,2,(卷5末)< 891a3/pics/識語_惺窩先生門人.jpg>(卷1)< 891a3/pics/藏書印_平安掘氏時習齋藏.jpg>,陳志軒,2022年10月13日,日本
90,891a38fd-9cb8-495a-b18a-f4b65106e016,四書章圖纂釋,经部,,,不详,寺田望南,學者,收藏,,,日本,嘉永二年至昭和四年之間,1849-1929,3,(卷1)< 891a3/pics/藏書印_天下無雙.jpg>(卷1)< 891a3/pics/藏書印_讀杜草堂.jpg>(卷3末)< 891a3/pics/藏書印_寺田盛業.jpg>(卷3末)< 891a3/pics/藏書印_字士孤號望南.jpg>,陳志軒,2022年10月13日,日本
91,891a38fd-9cb8-495a-b18a-f4b65106e016,四書章圖纂釋,经部,太政官文庫,國立公文書館,公家,,不详,收藏,日本東京都千代田區北丸公園内,,日本-東京-千代田-北之丸公園,明治六年至明治十八年之間,1873-1885,4,(卷1)< 891a3/pics/藏書印_太政官文庫.jpg>,陳志軒,2022年10月13日,日本-東京-千代田-北之丸公園
92,891a38fd-9cb8-495a-b18a-f4b65106e016,四書章圖纂釋,经部,宮内省圖書寮,宮内廳書陵部,皇家,,不详,收藏,日本東京,日本東京,日本-東京-千代田-皇居,明治六年前,<1873,5,(卷1)< 891a3/pics/藏書印_帝室圖書之印.jpg>,陳志軒,2022年10月13日,日本-東京-千代田-皇居
93,891a38fd-9cb8-495a-b18a-f4b65106e016,四書章圖纂釋,经部,内務省,内務省,公家,,不详,收藏,日本東京都千代田區,日本東京都千代田區霞关2-1,日本-東京-千代田-霞关,明治六年至昭和二十二年之間,1873-1947,6,(卷5末)< 891a3/pics/藏書印_大日本帝國圖書印.jpg>,陳志軒,2022年10月13日,日本-東京-千代田-霞关
94,891a38fd-9cb8-495a-b18a-f4b65106e016,四書章圖纂釋,经部,宮内省圖書寮,宮内廳書陵部,皇家,,不详,收藏,日本東京,日本東京,日本-東京-千代田-皇居,昭和二十二年之後,>1947,7,(卷1)< 891a3/pics/藏書印_帝室圖書之印.jpg>,陳志軒,2022年10月13日,日本-東京-千代田-皇居
95,891a38fd-9cb8-495a-b18a-f4b65106e016,四書章圖纂釋,经部,宮内廳書陵部,宮内廳書陵部,皇家,,不详,收藏,日本東京千代田區,日本東京千代田區,日本-東京-千代田-皇居,昭和二十四年,1949,8,,陳志軒,2022年10月28日,日本-東京-千代田-皇居
96,fb091bfe-b1f5-4035-ba84-84e5946eb436,國朝文類,集部,,,不详,蘇天爵,不详,編,西湖書院,浙江省杭州市西湖區,中國-浙江-杭州-西湖,元至正二年/明成化九年/江戶前期,1342/1473/>1603,0,《日本宮內廳書陵部藏宋元版漢籍選刊》167,陳志軒,2022年10月12日,中國-浙江-杭州-西湖
97,fb091bfe-b1f5-4035-ba84-84e5946eb436,國朝文類,集部,北玉照齋,北玉照齋,私人,榊原玄輔,學者,補抄,日本江都,日本東京,日本-東京,江戶時代前期,1686-1706,1,(卷70末)< fb091/pics/藏書印_玄輔之印.jpg>,陳志軒,2022年10月13日,日本-東京
98,fb091bfe-b1f5-4035-ba84-84e5946eb436,國朝文類,集部,,,不详,,不详,,,,日本,宝暦五年之前,<1755,2?,(卷1)< fb091/pics/藏書印_有竹人家.jpg>,陳志軒,2022年10月28日,日本
99,fb091bfe-b1f5-4035-ba84-84e5946eb436,國朝文類,集部,,,不详,,不详,,,,日本,宝暦五年之前,<1755,2?,(卷1)< fb091/pics/藏書印_冶山書屋.jpg>,陳志軒,2022年10月28日,日本
100,fb091bfe-b1f5-4035-ba84-84e5946eb436,國朝文類,集部,佐伯藩,佐伯藩,私人,毛利高標,官員,收藏,日本江戶時代九州地區豐后國海部郡佐伯藩,日本大分縣佐伯市,日本-大分-佐伯,宝暦五年至享和元年之間,1755-1801,3,(卷1)< fb091/pics/藏書印_佐伯侯毛利高標字培松藏書畫之印.jpg>,陳志軒,2022年10月25日,日本-大分-佐伯
101,fb091bfe-b1f5-4035-ba84-84e5946eb436,國朝文類,集部,楓山官庫,楓山官庫,不详,,不详,,日本紅葉山,日本東京千代田區,日本-東京-千代田,文政十一年,1828,4,,陳志軒,2022年10月25日,日本-東京-千代田
102,fb091bfe-b1f5-4035-ba84-84e5946eb436,國朝文類,集部,内閣文庫,國立公文書館,公家,,不详,收藏,日本東京,日本東京,日本-東京-千代田-北之丸公園,明治維新後,>1868,5,(卷1)< fb091/pics/藏書印_祕閣圖書之章.jpg>,陳志軒,2022年10月25日,日本-東京-千代田-北之丸公園
103,fb091bfe-b1f5-4035-ba84-84e5946eb436,國朝文類,集部,宮内省圖書寮,宮内廳書陵部,皇家,,不详,收藏,日本東京,日本東京,日本-東京-千代田-皇居,明治十七年之後,>1884,6,(卷1)< fb091/pics/藏書印_宮内省圖書印.jpg>,陳志軒,2022年10月28日,日本-東京-千代田-皇居
104,fb091bfe-b1f5-4035-ba84-84e5946eb436,國朝文類,集部,宮内廳書陵部,宮内廳書陵部,皇家,,不详,收藏,日本東京千代田區,日本東京千代田區,日本-東京-千代田-皇居,昭和二十四年,1949,7,,陳志軒,2022年10月28日,日本-東京-千代田-皇居
105,b82ff06c-420c-11ed-b878-0242ac120002,游宦紀聞,史部,,,不详,張世南,不详,撰,浙江杭州,,中國,南宋,1127-1279,0,《日本宮內廳書陵部藏宋元版漢籍選刊》71,裴昱文,44838,中國
106,b82ff06c-420c-11ed-b878-0242ac120002,游宦紀聞,史部,玉雲庵 ,玉雲庵 ,寺廟,,不详,收藏,日本越前福原寺?,日本福井縣?,日本-福井,戰國時期?,1467-1568?,1,(卷5末)<B82FF06C/pics/題識_玉雲庵常住.jpg>(卷1)<B82FF06C/pics/題識_玉雲公用.jpg>(卷1)<B82FF06C/pics/題識_玉雲常住.jpg>(卷6)<B82FF06C/pics/題識_玉雲庵公用.jpg>,裴昱文,44838,日本-福井
107,b82ff06c-420c-11ed-b878-0242ac120002,游宦紀聞,史部,昌平坂學問所,昌平坂學問所,大學,,不详,收藏,日本神田湯島,日本東京,日本-東京-文京-湯島,原祿四年以後,>1691,2,(卷5末)<B82FF06C/pics/藏書印_昌平坂學問所.jpg>,裴昱文,44838,日本-東京-文京-湯島
108,b82ff06c-420c-11ed-b878-0242ac120002,游宦紀聞,史部,淺草文庫,淺草文庫,公家,,不详,收藏,日本東京,日本東京,日本-東京-台東-藏前町,明治八年以後,>1875,3,(卷1首)<B82FF06C/pics/藏書印_淺草文庫.jpg>,裴昱文,44838,日本-東京-台東-藏前町
109,b82ff06c-420c-11ed-b878-0242ac120002,游宦紀聞,史部,宮内廳書陵部,宮内廳書陵部,皇家,,不详,收藏,日本東京,日本東京,日本-東京-千代田-皇居,昭和二十四年至今,>1949,4,(卷1首)<B82FF06C/pics/藏書印_帝室圖書之章.jpg>,裴昱文,44838,日本-東京-千代田-皇居
110,c79de46b-c37c-4419-b844-52cfb54cf67e,文中子中說,子部,,,不详,王通/阮逸,不详,撰/注,,,中國,北宋,960-1127,0,《日本宮內廳書陵部藏宋元版漢籍選刊》70,裴昱文,44838,中國
111,c79de46b-c37c-4419-b844-52cfb54cf67e,文中子中說,子部,朝鮮李氏王朝王宮,朝鮮李氏王朝王宮,皇家,,不详,收藏,漢陽,韓國首爾,韓國-首爾,朝鮮李氏王朝時期,>1392,1,(卷1)<C79DE46B/pics/藏書印_經筵.jpg>,裴昱文,44838,韓國-首爾
112,c79de46b-c37c-4419-b844-52cfb54cf67e,文中子中說,子部,狩谷棭齋求古樓,狩谷棭齋求古樓,私人,狩谷望之,學者,收藏,日本湯島,日本東京,日本-東京,安永四年以後,>1775,2,(卷10)<C79DE46B/pics/藏書印_湯島狩谷氏求古樓圖書記.jpg>(卷1)<C79DE46B/pics/藏書印_棭齋.jpg>(卷10)<C79DE46B/pics/藏書印_狩谷望之審定宋本.jpg>(卷1)<C79DE46B/pics/藏書印_狩谷望之.jpg>,裴昱文,44838,日本-東京
113,c79de46b-c37c-4419-b844-52cfb54cf67e,文中子中說,子部,趨古齋,趨古齋,私人,樋口光義,學者,收藏?,日本,日本,日本,明治時期?,1868-1912?,3,(卷5末)<C79DE46B/pics/藏書印_樋口光義.jpg>(卷5末)<C79DE46B/pics/藏書印_趨古齋鑒賞之一.jpg>,裴昱文,44838,日本
114,c79de46b-c37c-4419-b844-52cfb54cf67e,文中子中說,子部,宮内省圖書寮,宮内廳書陵部,皇家,,不详,收藏,日本東京,日本東京,日本-東京-千代田-皇居,明治十七年以後,>1884,4,(卷1)<C79DE46B/pics/藏書印_宮內省圖書印.jpg>,裴昱文,44838,日本-東京-千代田-皇居
115,c79de46b-c37c-4419-b844-52cfb54cf67e,文中子中說,子部,宮内廳書陵部,宮内廳書陵部,皇家,,不详,收藏,日本東京,日本東京,日本-東京-千代田-皇居,昭和二十四年至今,>1949,5,,裴昱文,44838,日本-東京-千代田-皇居
116,30aa3929-0d23-476d-966b-23f60b871cda,論衡,子部,,,不详,王充,不详,撰,紹興府,浙江紹興,中國-浙江-紹興,宋孝宗乾道間,1165-1173,0,《日本宮內廳書陵部藏宋元版漢籍選刊》70,裴昱文,44838,中國-浙江-紹興
117,30aa3929-0d23-476d-966b-23f60b871cda,論衡,子部,,,不详,洪适,學者,精加校刻,紹興府,浙江紹興,中國-浙江-紹興,孝宗乾道年間,1165-1173,1,,裴昱文,44838,中國-浙江-紹興
118,30aa3929-0d23-476d-966b-23f60b871cda,論衡,子部,狩谷棭齋求古樓,狩谷棭齋求古樓,私人,狩谷望之,學者,收藏/題識/批註,日本湯島,日本東京,日本-東京,安永四年以後,>1775,2,(卷1)<30AA3929/pics/題識_宋板論衡.jpg>(卷1)<30AA3929/pics/批註_離蚤懐沙.jpg>,裴昱文,44838,日本-東京
119,30aa3929-0d23-476d-966b-23f60b871cda,論衡,子部,,,不详,岡本況齋,學者,收藏,日本,日本,日本,寬政十年以後,>1798,3,,裴昱文,44838,日本
120,30aa3929-0d23-476d-966b-23f60b871cda,論衡,子部,,,不详,木村正辭,學者,收藏,日本,日本,日本,文政十年以後,>1827,4,(卷1)<30AA3929/pics/題識_宋板論衡.jpg>(卷1首)<30AA3929/pics/藏書印_木村.jpg>,裴昱文,44838,日本
121,30aa3929-0d23-476d-966b-23f60b871cda,論衡,子部,,,不详,細川十洲(潤次郎),官員,收藏,日本,日本,日本,天保五年以後,>1834,5,,裴昱文,44838,日本
122,30aa3929-0d23-476d-966b-23f60b871cda,論衡,子部,宮内省圖書寮,宮内廳書陵部,皇家,,不详,收藏,日本東京,日本東京,日本-東京-千代田-皇居,明治十七年以後,>1884,6,(卷1)<30AA3929/pics/題識_宋板論衡.jpg>(卷1首)<30AA3929/pics/藏書印_宮內省圖書印.jpg>,裴昱文,44838,日本-東京-千代田-皇居
123,30aa3929-0d23-476d-966b-23f60b871cda,論衡,子部,,,不详,細川十洲(潤次郎),官員,題識,日本東京,日本東京,日本-東京,明治二十六年十月,1893,7,(卷1)<30AA3929/pics/題識_宋板論衡.jpg>,裴昱文,44838,日本-東京
124,30aa3929-0d23-476d-966b-23f60b871cda,論衡,子部,宮内廳書陵部,宮内廳書陵部,皇家,,不详,收藏,日本東京,日本東京,日本-東京-千代田-皇居,昭和二十四年至今,>1949,8,,裴昱文,44838,日本-東京-千代田-皇居
125,5c50f123-bea2-4141-87f2-270262cbd26c,世說新語,子部,,,不详,劉義慶/劉孝標,不详,撰/注,浙江,浙江,中國-浙江,南宋孝宗朝,1162-1189,0,《日本宮內廳書陵部藏宋元版漢籍選刊》106,裴昱文,44843,中國-浙江
126,5c50f123-bea2-4141-87f2-270262cbd26c,世說新語,子部,金澤文庫,金澤文庫,公家,,不详,收藏,日本神奈川縣橫濱市金澤區金澤町,日本神奈川縣橫濱市金澤區金澤町,日本-神奈川-橫濱-金澤-金澤町,北条實時以後,>1224,1,(卷1首)<5C50F123/pics/藏書印_金澤文庫.jpg>,裴昱文,44843,日本-神奈川-橫濱-金澤-金澤町
127,5c50f123-bea2-4141-87f2-270262cbd26c,世說新語,子部,楓山文庫,楓山文庫,公家,,不详,收藏,日本東京,日本東京,日本-東京-紅葉山,長慶七年以後,>1602,2,(卷1首)<5C50F123/pics/藏書印_祕閣圖書之章.jpg>,裴昱文,44843,日本-東京-紅葉山
128,5c50f123-bea2-4141-87f2-270262cbd26c,世說新語,子部,太政官文庫,國立公文書館,公家,,不详,收藏,日本東京,日本東京,日本-東京-千代田-北之丸公園,明治十七年至明治十八年,1884-1885,3,,裴昱文,44843,日本-東京-千代田-北之丸公園
129,5c50f123-bea2-4141-87f2-270262cbd26c,世說新語,子部,内閣文庫,國立公文書館,公家,,不详,收藏,日本東京,日本東京,日本-東京-千代田-北之丸公園,明治十八年至明治二十四年,1885-1891,4,,裴昱文,44843,日本-東京-千代田-北之丸公園
130,5c50f123-bea2-4141-87f2-270262cbd26c,世說新語,子部,宮内省圖書寮,宮内廳書陵部,皇家,,不详,收藏,日本東京,日本東京,日本-東京-千代田-皇居,明治二十四年至昭和二十四年,1891-1949,5,(卷1首)<5C50F123/pics/藏書印_帝室圖書之章.jpg>,裴昱文,44843,日本-東京-千代田-皇居
131,5c50f123-bea2-4141-87f2-270262cbd26c,世說新語,子部,宮内廳書陵部,宮内廳書陵部,皇家,,不详,收藏,日本東京,日本東京,日本-東京-千代田-皇居,昭和二十四年至今,>1949,6,,裴昱文,44843,日本-東京-千代田-皇居
132,6250039b-80ca-4dd2-89a4-49b48ad8be0b,史記,史部,崇道精舍,崇道精舍,私人,彭寅翁,學者,刊刻,吉州安福,江西吉州安福縣,中國-江西-吉州-安福,元至元二十五年,1288,0,(卷1)<6250039B/pics/藏書印_寅翁.jpg>(卷14末)<6250039B/pics/牌記_安成郡彭寅翁鼎新刊行.jpg>(卷130末)<6250039B/pics/牌記_至元戊子菖莭吉州安福彭寅翁新刊于崇道精舍.jpg>(卷71末)<6250039B/pics/牌記_時至元戊子安成彭寅翁新刊.jpg>,裴昱文,44843,中國-江西-吉州-安福
133,6250039b-80ca-4dd2-89a4-49b48ad8be0b,史記,史部,楓山文庫,楓山文庫,公家,,不详,收藏,日本東京,日本東京,日本-東京-紅葉山,長慶七年以後,>1602,1,(卷1首)<6250039B/pics/藏書印_祕閣圖書之章.jpg>,裴昱文,44843,日本-東京-紅葉山
134,6250039b-80ca-4dd2-89a4-49b48ad8be0b,史記,史部,太政官文庫,國立公文書館,公家,,不详,收藏,日本東京,日本東京,日本-東京-千代田-北之丸公園,明治十七年至明治十八年,1884-1885,2,,裴昱文,44843,日本-東京-千代田-北之丸公園
135,6250039b-80ca-4dd2-89a4-49b48ad8be0b,史記,史部,内閣文庫,國立公文書館,公家,,不详,收藏,日本東京,日本東京,日本-東京-千代田-北之丸公園,明治十八年至明治二十四年,1885-1891,3,,裴昱文,44843,日本-東京-千代田-北之丸公園
136,6250039b-80ca-4dd2-89a4-49b48ad8be0b,史記,史部,宮内省圖書寮,宮内廳書陵部,皇家,,不详,收藏,日本東京,日本東京,日本-東京-千代田-皇居,明治二十四年至昭和二十四年,1891-1949,4,,裴昱文,44843,日本-東京-千代田-皇居
137,6250039b-80ca-4dd2-89a4-49b48ad8be0b,史記,史部,宮内廳書陵部,宮内廳書陵部,皇家,,不详,收藏,日本東京,日本東京,日本-東京-千代田-皇居,昭和二十四年至今,>1949,5,,裴昱文,44843,日本-東京-千代田-皇居
138,e1eacce3-94a4-4261-b693-846301b042d8,初學記,子部,,,不详,徐堅,不详,撰,東陽,浙江東陽,中國-浙江-東陽,紹興丁卯季冬,1147-1148,0,《日本宮內廳書陵部藏宋元版漢籍選刊》72,張興飛,44840,中國-浙江-東陽
139,e1eacce3-94a4-4261-b693-846301b042d8,初學記,子部,,,不详,余四十三郎,學者,重雕,東陽,浙江東陽,中國-浙江-東陽,紹興丁卯季冬,1147-1148,1,(序末)<E1EACCE3/pics/刊記_東陽崇川.png>,張興飛,44840,中國-浙江-東陽
140,e1eacce3-94a4-4261-b693-846301b042d8,初學記,子部,金澤文庫,金澤文庫,公家,,不详,,日本武藏國倉城郡六浦莊,日本神奈川縣橫濱市金澤區金澤町,日本-神奈川-橫濱-金澤-金澤町,建治元年以後,>1275,2,(序末)<E1EACCE3/pics/藏書印_金澤文庫.png>,張興飛,44840,日本-神奈川-橫濱-金澤-金澤町
141,e1eacce3-94a4-4261-b693-846301b042d8,初學記,子部,,,不详,真勢中洲,學者,收藏?,,,日本,寶曆四年以後,>1754,3,(卷3末)<E1EACCE3/pics/藏書印_復古堂.png>,張興飛,44840,日本
142,e1eacce3-94a4-4261-b693-846301b042d8,初學記,子部,佐伯藩,佐伯藩,私人,毛利高標,官員,收藏,日本江戶時代九州地區豐后國海部郡佐伯藩,日本大分縣佐伯市,日本-大分-佐伯,天明元年以後,1781-1801,4,(序)<E1EACCE3/pics/藏書印_佐伯侯毛利高標字培松臧書画之印.png>,張興飛,44840,日本-大分-佐伯
143,e1eacce3-94a4-4261-b693-846301b042d8,初學記,子部,佐伯藩,佐伯藩,私人,毛利高翰,官員,收藏/進獻,日本江戶時代九州地區豐后國海部郡佐伯藩,日本大分縣佐伯市,日本-大分-佐伯,文政年間,1818-1829,5,,張興飛,44840,日本-大分-佐伯
144,e1eacce3-94a4-4261-b693-846301b042d8,初學記,子部,紅葉山文庫,紅葉山文庫,公家,,不详,,日本江戶紅葉山,日本東京都千代田區,日本-東京-紅葉山,1855,1855,6,,張興飛,44840,日本-東京-紅葉山
145,e1eacce3-94a4-4261-b693-846301b042d8,初學記,子部,宮内省圖書寮,宮内廳書陵部,皇家,,不详,,日本東京,日本東京,日本-東京-千代田-皇居,1891,>1891,7,,張興飛,44840,日本-東京-千代田-皇居
146,e1eacce3-94a4-4261-b693-846301b042d8,初學記,子部,宮内廳書陵部,宮内廳書陵部,皇家,,不详,,日本東京,日本東京,日本-東京-千代田-皇居,1949,1949,8,,張興飛,44861,日本-東京-千代田-皇居
147,e1eacce3-94a4-4261-b693-846301b042d8,初學記,子部,,,不详,,不详,,,,日本,,,,(序)<E1EACCE3/pics/藏書印_龍蘭.png>,張興飛,44861,日本
148,e1eacce3-94a4-4261-b693-846301b042d8,初學記,子部,,,不详,,不详,,,,日本,,,,(序)<E1EACCE3/pics/藏書印_土屋守楷之印.png>,張興飛,44861,日本
149,e1eacce3-94a4-4261-b693-846301b042d8,初學記,子部,,,不详,,不详,,,,日本,,,,(卷3末)<E1EACCE3/pics/書印_虎五郎文庫.png>,張興飛,44861,日本
150,f86921d9-c410-4e4c-8327-4ee375288d8a,王荊文公詩,集部,,,不详,王安石/李壁/劉辰翁,不详,撰/箋註/評點,建陽考亭,福建建陽,中國-福建-建陽,大德十年,1306,0,《日本宮內廳書陵部藏宋元版漢籍選刊》129,張興飛,44855,中國-福建-建陽
151,f86921d9-c410-4e4c-8327-4ee375288d8a,王荊文公詩,集部,,,不详,毋逢辰,學者,重刻,建陽考亭,福建建陽,中國-福建-建陽,大德十年,1306,1,(卷1)<F86921D9/pics/序跋_詩學盛於唐1.jpg>(卷1)<F86921D9/pics/序跋_詩學盛於唐2.jpg>(卷1)<F86921D9/pics/序跋_詩學盛於唐3.jpg>(卷1)<F86921D9/pics/序跋_詩學盛於唐4.jpg>,張興飛,44855,中國-福建-建陽
152,f86921d9-c410-4e4c-8327-4ee375288d8a,王荊文公詩,集部,芳春院,芳春院,寺廟,,不详,,日本京都大德寺,日本京都府京都市北區,日本-京都-北區,1599年以後,>1599,2,,張興飛,44855,日本-京都-北區
153,f86921d9-c410-4e4c-8327-4ee375288d8a,王荊文公詩,集部,佐伯藩,佐伯藩,私人,毛利高標,官員,收藏,日本江戶時代九州地區豐后國海部郡佐伯藩,日本大分縣佐伯市,日本-大分-佐伯,天明元年以後,1781-1801,3,(卷1)<F86921D9/pics/藏書印_佐伯侯毛利高標字培松臧書画之印.jpg>,張興飛,44855,日本-大分-佐伯
154,f86921d9-c410-4e4c-8327-4ee375288d8a,王荊文公詩,集部,佐伯藩,佐伯藩,私人,毛利高翰,官員,收藏/進獻,日本江戶時代九州地區豐后國海部郡佐伯藩,日本大分縣佐伯市,日本-大分-佐伯,文政年間,1818-1829,4,,張興飛,44855,日本-大分-佐伯
155,f86921d9-c410-4e4c-8327-4ee375288d8a,王荊文公詩,集部,紅葉山文庫,紅葉山文庫,公家,,不详,,日本江戶紅葉山,日本東京都千代田區,日本-東京-紅葉山,1855,1855,5,,張興飛,44855,日本-東京-紅葉山
156,f86921d9-c410-4e4c-8327-4ee375288d8a,王荊文公詩,集部,宮内省圖書寮,宮内廳書陵部,皇家,,不详,,日本東京,日本東京,日本-東京-千代田-皇居,1891,>1891,6,(卷1)<F86921D9/pics/藏書印_宮內省圖書印.jpg>,張興飛,44855,日本-東京-千代田-皇居
157,f86921d9-c410-4e4c-8327-4ee375288d8a,王荊文公詩,集部,宮内廳書陵部,宮内廳書陵部,皇家,,不详,,日本東京,日本東京,日本-東京-千代田-皇居,1949,1949,7,,張興飛,44861,日本-東京-千代田-皇居
158,b237710d-e7ae-4173-a1e7-1247a988cb96,東坡集,集部,,,不详,蘇軾,不详,撰,江西,江西,中國-江西,孝宗至光宗,1173-1194,0,《日本宮內廳書陵部藏宋元版漢籍選刊》131,張興飛,44853,中國-江西
159,b237710d-e7ae-4173-a1e7-1247a988cb96,東坡集,集部,金澤文庫,金澤文庫,公家,,不详,,日本武藏國倉城郡六浦莊,日本神奈川縣橫濱市金澤區金澤町,日本-神奈川-橫濱-金澤-金澤町,建治元年以後,>1275,1,(後集卷8末)<B237710D/pics/藏書印_金澤文庫.png>,張興飛,44854,日本-神奈川-橫濱-金澤-金澤町
160,b237710d-e7ae-4173-a1e7-1247a988cb96,東坡集,集部,,,不详,清田儋叟,學者,收藏?,日本越前國福井藩,日本福井縣福井市,日本-福井,天明五年以前,<1785,2,(卷1)<B237710D/pics/藏書印_越囶文學.png>(卷1)<B237710D/pics/藏書印_淸絢之印.png>(卷1)<B237710D/pics/藏書印_君錦.png>,張興飛,44854,日本-福井
161,b237710d-e7ae-4173-a1e7-1247a988cb96,東坡集,集部,,,不详,市橋長昭,學者,收藏/進獻,日本近江國蒲生郡仁正寺,日本滋賀縣蒲生郡日野町,日本-滋賀-蒲生-日野町,文化五年二月,1808,3,(卷1)<B237710D/pics/藏書印_仁正侯長昭黃雪書屋鑒臧圖書之印.png>(後集卷8末)<B237710D/pics/跋語_寄藏文廟宋元刻書跋1.png>(後集卷8末)<B237710D/pics/跋語_寄藏文廟宋元刻書跋2.png>,張興飛,44854,日本-滋賀-蒲生-日野町
162,b237710d-e7ae-4173-a1e7-1247a988cb96,東坡集,集部,昌平坂學問所,昌平坂學問所,大學,,不详,,日本神田湯島,日本東京都文京區,日本-東京-文京-湯島,明治維新以前,1808-1871,4,(卷1末)<B237710D/pics/藏書印_昌平坂學問所.png>,張興飛,44854,日本-東京-文京-湯島
163,b237710d-e7ae-4173-a1e7-1247a988cb96,東坡集,集部,淺草文庫,淺草文庫,公家,,不详,,日本東京淺草藏前,日本東京都台東區藏前町,日本-東京-台東-藏前町,明治七年至明治十四年,1874-1881,5,(卷1)<B237710D/pics/藏書印_淺草文庫.png>,張興飛,44854,日本-東京-台東-藏前町
164,b237710d-e7ae-4173-a1e7-1247a988cb96,東坡集,集部,宮内省圖書寮,宮内廳書陵部,皇家,,不详,,日本東京,日本東京,日本-東京-千代田-皇居,1891,>1891,6,(卷1)<B237710D/pics/藏書印_宮內省圖書印.png>,張興飛,44854,日本-東京-千代田-皇居
165,b237710d-e7ae-4173-a1e7-1247a988cb96,東坡集,集部,宮内廳書陵部,宮内廳書陵部,皇家,,不详,,日本東京,日本東京,日本-東京-千代田-皇居,1949,1949,7,,張興飛,44861,日本-東京-千代田-皇居
166,1da37d0d-bb9d-41cd-846b-00346d75565c,通典,史部,,,不详,杜佑,不详,撰,,,中國,仁宗至徽宗,~1050,0,《日本宮內廳書陵部藏宋元版漢籍選刊》51,張興飛,44849,中國
167,1da37d0d-bb9d-41cd-846b-00346d75565c,通典,史部,重光殿?,重光殿?,不详,高麗肅宗,皇室,收藏,高麗京都開城府,朝鮮開城市,朝鮮-開城市,高麗肅宗六年/大宋建中靖國元年/大遼乾統元年,1101,1,(卷5末)<1DA37D0D/pics/藏書印_高麗國十四葉辛巳歲藏書大宋建中靖國元年大遼乾統元年.png>,張興飛,44849,朝鮮-開城市
168,1da37d0d-bb9d-41cd-846b-00346d75565c,通典,史部,經筵,經筵,皇家,朝鮮世宗,皇室,收藏,漢城府,韓國首爾,韓國-首爾,朝鮮世宗十一年,1429,2,(卷1)<1DA37D0D/pics/藏書印_經筵.png>,張興飛,44849,韓國-首爾
169,1da37d0d-bb9d-41cd-846b-00346d75565c,通典,史部,,,不详,,不详,鈔補,朝鮮,朝鮮半島,朝鮮,壬辰之役以前,1560-1592,3,,張興飛,44849,朝鮮
170,1da37d0d-bb9d-41cd-846b-00346d75565c,通典,史部,,,不详,宇喜多秀家,官員,收藏/經手,岡山城?,日本岡山縣岡山市?,日本-岡山,壬辰之役,1592-1597,4,,張興飛,44849,日本-岡山
171,1da37d0d-bb9d-41cd-846b-00346d75565c,通典,史部,紅葉山文庫,紅葉山文庫,公家,林衡,學者,收藏,日本江戶城紅葉山,日本東京都千代田區,日本-東京-紅葉山,文化十四年六月,1817,5,,張興飛,44849,日本-東京-紅葉山
172,1da37d0d-bb9d-41cd-846b-00346d75565c,通典,史部,太政官文庫,國立公文書館,公家,,不详,,日本東京,日本東京,日本-東京-千代田-北之丸公園,1884,1884,6,(卷1)<1DA37D0D/pics/藏書印_秘閣圖書之章.png>,張興飛,44849,日本-東京-千代田-北之丸公園
173,1da37d0d-bb9d-41cd-846b-00346d75565c,通典,史部,宮内省圖書寮,宮内廳書陵部,皇家,,不详,,日本東京,日本東京,日本-東京-千代田-皇居,1891,>1891,7,(卷1)<1DA37D0D/pics/藏書印_宮內省圖書印.png>,張興飛,44849,日本-東京-千代田-皇居
174,1da37d0d-bb9d-41cd-846b-00346d75565c,通典,史部,宮内廳書陵部,宮内廳書陵部,皇家,,不详,,日本東京,日本東京,日本-東京-千代田-皇居,1949,1949,8,,張興飛,44861,日本-東京-千代田-皇居
175,0fd055c6-5617-456d-9c21-a221f2b642d4,太平寰宇記,史部,,,不详,樂史,不详,撰,,,中國,紹熙年間,1190-1194,0,《日本宮內廳書陵部藏宋元版漢籍選刊》58,張興飛,44845,中國
176,0fd055c6-5617-456d-9c21-a221f2b642d4,太平寰宇記,史部,金澤文庫,金澤文庫,公家,,不详,,日本武藏國倉城郡六浦莊,日本神奈川縣橫濱市金澤區金澤町,日本-神奈川-橫濱-金澤-金澤町,建治元年以後,>1275,1,(卷91末)<0FD055C6/pics/藏書印_金澤文庫.png>,張興飛,44845,日本-神奈川-橫濱-金澤-金澤町
177,0fd055c6-5617-456d-9c21-a221f2b642d4,太平寰宇記,史部,紅葉山文庫,紅葉山文庫,公家,,不详,,日本江戶紅葉山,日本東京都千代田區,日本-東京-紅葉山,1855,1855,2,,張興飛,44845,日本-東京-紅葉山
178,0fd055c6-5617-456d-9c21-a221f2b642d4,太平寰宇記,史部,太政官文庫,國立公文書館,公家,,不详,,日本東京,日本東京,日本-東京-千代田-北之丸公園,1884,1884,3,(卷1)<0FD055C6/pics/藏書印_秘閣圖書之章.png>,張興飛,44845,日本-東京-千代田-北之丸公園
179,0fd055c6-5617-456d-9c21-a221f2b642d4,太平寰宇記,史部,宮内省圖書寮,宮内廳書陵部,皇家,,不详,,日本東京,日本東京,日本-東京-千代田-皇居,1891,>1891,4,(卷1)<0FD055C6/pics/藏書印_帝室圖書之章.png>,張興飛,44845,日本-東京-千代田-皇居
180,0fd055c6-5617-456d-9c21-a221f2b642d4,太平寰宇記,史部,宮内廳書陵部,宮内廳書陵部,皇家,,不详,,日本東京,日本東京,日本-東京-千代田-皇居,1949,1949,5,,張興飛,44861,日本-東京-千代田-皇居
181,ab9301eb-e722-4114-993e-786a648dc737,周易本义附錄集註十卷,经部,,,不详,張清子,不详,集注,建安,福建南平市建陽區,中國-福建-南平-建陽,元,1303-1304,0,《日本宮內廳書陵部藏宋元版漢籍選刊》23,黃冬萍,44838,中國-福建-南平-建陽
182,ab9301eb-e722-4114-993e-786a648dc737,周易本义附錄集註十卷,经部,,,不详,寶英,學者,題識,日本,日本,日本,室町時期,1469-1487,1,(卷末附《周易五贊》末葉)<dc737/pics/題識_予甞寓于.jpg>,黃冬萍,44838,日本
183,ab9301eb-e722-4114-993e-786a648dc737,周易本义附錄集註十卷,经部,昌平坂學問所,昌平坂學問所,大學,,不详,收藏,日本東京,日本東京文京區湯島,日本-東京-文京-湯島,文化二年-明治元年,1805-1868,2,(卷1末葉)<dc737/pics/藏書印_昌平坂學問所.jpg>(卷1末葉)<dc737/pics/藏書印_文化乙丑.jpg>,黃冬萍,44838,日本-東京-文京-湯島
184,ab9301eb-e722-4114-993e-786a648dc737,周易本义附錄集註十卷,经部,大學校,大學校,大學,,不详,收藏,日本東京,日本東京,日本-東京-台東-上野,明治元年至明治四年,1868-1872,3,(卷1首葉)<dc737/pics/藏書印_大學藏書.jpg>,黃冬萍,44838,日本-東京-台東-上野
185,ab9301eb-e722-4114-993e-786a648dc737,周易本义附錄集註十卷,经部,書籍館,書籍館,公家,,不详,收藏,日本東京,日本東京文京區湯島,日本-東京-文京-湯島,明治初,1872-1877.7,4,(卷1首葉)<dc737/pics/藏書印_書籍館印.jpg>,黃冬萍,44838,日本-東京-文京-湯島
186,ab9301eb-e722-4114-993e-786a648dc737,周易本义附錄集註十卷,经部,淺草文庫,淺草文庫,公家,,不详,收藏,日本東京,日本東京台東區淺草,日本-東京-台東-藏前町,明治初,＞1877.7,5,(卷1首葉)<dc737/pics/藏書印_淺草文庫.jpg>,黃冬萍,44838,日本-東京-台東-藏前町
187,ab9301eb-e722-4114-993e-786a648dc737,周易本义附錄集註十卷,经部,内閣文庫,國立公文書館,公家,,不详,收藏,日本東京,日本東京,日本-東京-千代田-北之丸公園,明治初,>1885,6,(卷1首葉)<dc737/pics/藏書印_日本政府圖書.jpg>,黃冬萍,44838,日本-東京-千代田-北之丸公園
188,ab9301eb-e722-4114-993e-786a648dc737,周易本义附錄集註十卷,经部,宮内省圖書寮,宮内廳書陵部,皇家,,不详,收藏,日本東京,日本東京,日本-東京-千代田-皇居,昭和五年以前,<1930,7,,黃冬萍,44838,日本-東京-千代田-皇居
189,c2519423-a4e3-4209-bbd0-8fd546b11da8,詩童子問二十卷,经部,勤有堂,勤有堂,私人,余志安,學者,刊刻,建安,福建南平市建陽區,中國-福建-南平-建陽,元至正四年,1344,0,(卷首附朱子詩傳童子問友人萃言末葉)<11da8/pics/牌記_崇化余志安刻于勤有堂.jpg>,黃冬萍,44854,中國-福建-南平-建陽
190,c2519423-a4e3-4209-bbd0-8fd546b11da8,詩童子問二十卷,经部,,,不详,林衡,學者,收藏,日本,日本,日本,江戶後期,1768-1817,1,(卷首附胡一中序末葉)<11da8/pics/藏書印_林氏藏書.jpg>(卷首附胡一中序末葉)<11da8/pics/藏書印_述齋衡新收記.jpg>,黃冬萍,44854,日本
191,c2519423-a4e3-4209-bbd0-8fd546b11da8,詩童子問二十卷,经部,昌平坂學問所,昌平坂學問所,大學,,不详,收藏,日本東京,日本東京文京區湯島,日本-東京-文京-湯島,文化十三年-明治元年,1817-1868,2,(卷首附詩序之末)<11da8/pics/藏書印_昌平坂學問所.jpg>(卷首附詩序之末)<11da8/pics/藏書印_文化丁丑.jpg>,黃冬萍,44854,日本-東京-文京-湯島
192,c2519423-a4e3-4209-bbd0-8fd546b11da8,詩童子問二十卷,经部,大學校,大學校,大學,,不详,收藏,日本東京,日本東京,日本-東京-台東-上野,明治元年至明治四年,1868-1872,3,(卷首附詩序首葉)<11da8/pics/藏書印_大學藏書.jpg>,黃冬萍,44854,日本-東京-台東-上野
193,c2519423-a4e3-4209-bbd0-8fd546b11da8,詩童子問二十卷,经部,書籍館,書籍館,公家,,不详,收藏,日本東京,日本東京文京區湯島,日本-東京-文京-湯島,明治初,1872-1877.7,4,(卷首附詩序首葉)<11da8/pics/藏書印_書籍館印.jpg>,黃冬萍,44854,日本-東京-文京-湯島
194,c2519423-a4e3-4209-bbd0-8fd546b11da8,詩童子問二十卷,经部,淺草文庫,淺草文庫,公家,,不详,收藏,日本東京,日本東京台東區淺草,日本-東京-台東-藏前町,明治初,＞1877.7,5,(卷首附詩序首葉)<11da8/pics/藏書印_淺草文庫.jpg>,黃冬萍,44854,日本-東京-台東-藏前町
195,c2519423-a4e3-4209-bbd0-8fd546b11da8,詩童子問二十卷,经部,内閣文庫,國立公文書館,公家,,不详,收藏,日本東京,日本東京,日本-東京-千代田-北之丸公園,明治十九年以後,>1886,6,(卷首附詩序之末)<11da8/pics/藏書印_日本政府圖書.jpg>,黃冬萍,44854,日本-東京-千代田-北之丸公園
196,c2519423-a4e3-4209-bbd0-8fd546b11da8,詩童子問二十卷,经部,宮内省圖書寮,宮内廳書陵部,皇家,,不详,收藏,日本東京,日本東京,日本-東京-千代田-皇居,昭和五年以前,<1930,7,,黃冬萍,44854,日本-東京-千代田-皇居
197,780a40d3-3056-4add-a3a0-0f657b000f0c,詩緝三十六卷,经部,勤有堂,勤有堂,私人,余志安,學者,刊刻,建安,福建南平市建陽區,中國-福建-南平-建陽,元代,1271-1386,0,(卷首附毛詩綱目末葉)<00f0c/pics/ 牌記_勤有書堂刻梓.jpg>,黃冬萍,44854,中國-福建-南平-建陽
198,780a40d3-3056-4add-a3a0-0f657b000f0c,詩緝三十六卷,经部,佐伯藩,佐伯藩,私人,毛利高標,官員,收藏,日本江戶時代九州地區豐后國海部郡佐伯藩,日本大分縣佐伯市,日本-大分-佐伯,寬政中,＜1801,1,(卷首嚴粲序首葉)<00f0c/pics/藏書印_佐伯侯毛利高標字培松蔵書画之印.jpg>,黃冬萍,44854,日本-大分-佐伯
199,780a40d3-3056-4add-a3a0-0f657b000f0c,詩緝三十六卷,经部,佐伯藩,佐伯藩,私人,毛利高翰,官員,收藏,日本江戶時代九州地區豐后國海部郡佐伯藩,日本大分縣佐伯市,日本-大分-佐伯,文政十一年以前,＜1828,2,,黃冬萍,44854,日本-大分-佐伯
200,780a40d3-3056-4add-a3a0-0f657b000f0c,詩緝三十六卷,经部,楓山官庫,楓山官庫,不详,,不详,收藏,日本江戶紅葉山,日本東京紅葉山,日本-東京-千代田,文政十一年至明治十年,1828-1877,3,,黃冬萍,44854,日本-東京-千代田
201,780a40d3-3056-4add-a3a0-0f657b000f0c,詩緝三十六卷,经部,太政官文庫,國立公文書館,公家,,不详,收藏,日本江戶紅葉山,日本東京紅葉山,日本-東京-千代田-北之丸公園,明治初,>1877,4,(卷首嚴粲序首葉)<00f0c/pics/藏書印_秘閣圖書之章.jpg>.,黃冬萍,44854,日本-東京-千代田-北之丸公園
202,780a40d3-3056-4add-a3a0-0f657b000f0c,詩緝三十六卷,经部,宮内省圖書寮,宮内廳書陵部,皇家,,不详,收藏,日本東京,日本東京,日本-東京-千代田-皇居,昭和五年以前,<1930,5,,黃冬萍,44854,日本-東京-千代田-皇居
203,3bcbdef3-a364-4147-a4bf-759232d7ea9c,春秋經傳集解三十卷,经部,興國軍,興國軍,其他,聞人模,學者,刊刻,興國軍,湖北陽新,中國-湖北-陽新,嘉定九年,1216,0,(卷1末葉)<7ea9c/pics/題識_聞人模敬書.jpg>,黃冬萍,44838,中國-湖北-陽新
204,3bcbdef3-a364-4147-a4bf-759232d7ea9c,春秋經傳集解三十卷,经部,金澤文庫,金澤文庫,公家,,不详,收藏,日本神奈川縣橫濱市金澤區金澤町,日本神奈川縣橫濱市金澤區金澤町,日本-神奈川-橫濱-金澤-金澤町,北条實時之後,>1224,1,(卷2末葉)<7ea9c/pics/藏書印_金澤文庫.jpg>,黃冬萍,44838,日本-神奈川-橫濱-金澤-金澤町
205,3bcbdef3-a364-4147-a4bf-759232d7ea9c,春秋經傳集解三十卷,经部,,,不详,,不详,收藏/訓點,日本,日本,日本,,,2,(卷19葉20)<7ea9c/pics/訓點_文十七年訓點.jpg>,黃冬萍,44838,日本
206,3bcbdef3-a364-4147-a4bf-759232d7ea9c,春秋經傳集解三十卷,经部,,,不详,井口蘭雪,學者,收藏,日本,日本,日本,享保至明和,1719-1771,3,(卷1首葉)<7ea9c/pics/藏書印_井口氏之書.jpg>,黃冬萍,44838,日本
207,3bcbdef3-a364-4147-a4bf-759232d7ea9c,春秋經傳集解三十卷,经部,佐伯藩,佐伯藩,私人,毛利高標,官員,收藏,日本江戶時代九州地區豐后國海部郡佐伯藩,日本大分縣佐伯市,日本-大分-佐伯,寬政中,＜1801,4,(卷1首葉)<7ea9c/pics/藏書印_佐伯侯毛利高標字培松蔵書画之印.jpg>,黃冬萍,44838,日本-大分-佐伯
208,3bcbdef3-a364-4147-a4bf-759232d7ea9c,春秋經傳集解三十卷,经部,佐伯藩,佐伯藩,私人,毛利高翰,官員,收藏,日本江戶時代九州地區豐后國海部郡佐伯藩,日本大分縣佐伯市,日本-大分-佐伯,文政十一年以前,＜1828,5,(卷1首葉)<7ea9c/pics/藏書印_佐伯侯毛利高標字培松蔵書画之印.jpg>,黃冬萍,44838,日本-大分-佐伯
209,3bcbdef3-a364-4147-a4bf-759232d7ea9c,春秋經傳集解三十卷,经部,楓山官庫,楓山官庫,不详,,不详,收藏,日本江戶紅葉山,日本東京紅葉山,日本-東京-千代田,文政十一年至明治十年,1828-1877,6,(卷1首葉) <7ea9c/pics/藏書印_秘閣圖書之章.jpg>,黃冬萍,44838,日本-東京-千代田
210,3bcbdef3-a364-4147-a4bf-759232d7ea9c,春秋經傳集解三十卷,经部,太政官文庫,國立公文書館,公家,,不详,收藏,日本江戶紅葉山,日本東京紅葉山,日本-東京-千代田-北之丸公園,明治初,>1877,7,,黃冬萍,44838,日本-東京-千代田-北之丸公園
211,3bcbdef3-a364-4147-a4bf-759232d7ea9c,春秋經傳集解三十卷,经部,内閣文庫,國立公文書館,公家,,不详,收藏,日本東京,日本東京,日本-東京-千代田-北之丸公園,明治初,>1885,8,,黃冬萍,44838,日本-東京-千代田-北之丸公園
212,3bcbdef3-a364-4147-a4bf-759232d7ea9c,春秋經傳集解三十卷,经部,宮内省圖書寮,宮内廳書陵部,皇家,,不详,收藏,日本東京,日本東京,日本-東京-千代田-皇居,,＞1891,9,,黃冬萍,44838,日本-東京-千代田-皇居
213,7245db0a-3d38-46fb-84ac-159673a4cfe2,附音傍訓晦庵論語句解二卷,经部,,,不详,李公凱,不详,撰,建安,福建南平市建陽區,中國-福建-南平-建陽,南宋末,＞1162,0,《日本宮內廳書陵部藏宋元版漢籍選刊》23,黃冬萍,44840,中國-福建-南平-建陽
214,7245db0a-3d38-46fb-84ac-159673a4cfe2,附音傍訓晦庵論語句解二卷,经部,,,不详,尹瑜,學者,收藏,朝鮮?,朝鮮坡平？,朝鮮-坡平,朝鮮宣祖時期?,,1,(卷下末葉)<4cfe2/pic/藏書印_坡平尹氏.jpg>(卷下末葉)<4cfe2/pic/藏書印_尹瑜公瑾.jpg>,黃冬萍,44840,朝鮮-坡平
215,7245db0a-3d38-46fb-84ac-159673a4cfe2,附音傍訓晦庵論語句解二卷,经部,,,不详,木村蒹葭堂,學者,收藏,日本大阪,日本大阪,日本-大阪,江戶時代中期,1736-1802,2,(卷上首葉)<4cfe2/pic/藏書印_蒹葭堂藏書印.jpg>,黃冬萍,44840,日本-大阪
216,7245db0a-3d38-46fb-84ac-159673a4cfe2,附音傍訓晦庵論語句解二卷,经部,昌平坂學問所,昌平坂學問所,大學,,不详,收藏,日本東京,日本東京文京區湯島,日本-東京-文京-湯島,寬政九年以後,＞1802,3,(卷下末葉)<4cfe2/pic/藏書印_昌平坂學問所.jpg>,黃冬萍,44840,日本-東京-文京-湯島
217,7245db0a-3d38-46fb-84ac-159673a4cfe2,附音傍訓晦庵論語句解二卷,经部,淺草文庫,淺草文庫,公家,,不详,收藏,日本東京,日本東京台東區淺草,日本-東京-台東-藏前町,明治七年以後,＞1874,4,,黃冬萍,44840,日本-東京-台東-藏前町
218,7245db0a-3d38-46fb-84ac-159673a4cfe2,附音傍訓晦庵論語句解二卷,经部,内閣文庫,國立公文書館,公家,,不详,收藏,日本東京,日本東京,日本-東京-千代田-北之丸公園,明治十九年以後,>1886,5,(卷上首葉)<4cfe2/pic/藏書印_日本政府圖書.jpg>,黃冬萍,44840,日本-東京-千代田-北之丸公園
219,7245db0a-3d38-46fb-84ac-159673a4cfe2,附音傍訓晦庵論語句解二卷,经部,宮内省圖書寮,宮内廳書陵部,皇家,,不详,收藏,日本東京,日本東京,日本-東京-千代田-皇居,昭和五年以前,<1930,6,,黃冬萍,44840,日本-東京-千代田-皇居
220,eaa26ecf-6061-4316-9fbb-ecde73960308,春秋諸傳會通,经部,,,不详,李濂,不详,撰,建,福建省建陽縣麻沙鎮,中國-福建-建陽-麻沙鎮,元,1351,0,《日本宮內廳書陵部藏宋元版漢籍選刊》21,劉妍慧,2022年10月6日,中國-福建-建陽-麻沙鎮
221,eaa26ecf-6061-4316-9fbb-ecde73960308,春秋諸傳會通,经部,日本舊御府圖書館,日本舊御府圖書館,公家,,不详,,日本東京市中心皇宮內舊御府圖書館,日本東京市中心皇宮內舊御府圖書館,日本-東京-中心皇宮內舊御府圖書館,,,1,(卷1)<EAA26ECF/pics/藏書印_御府圖書.jpg>,劉妍慧,2022年10月29日,日本-東京-中心皇宮內舊御府圖書館
222,eaa26ecf-6061-4316-9fbb-ecde73960308,春秋諸傳會通,经部,昌平坂學問所,昌平坂學問所,大學,,不详,,日本東京上野湯島,日本東京上野湯島,日本-東京-文京-湯島,日本江戶時代德川家齊寬政九年後,>1789,1,(卷20)<EAA26ECF/pics/藏書印_昌平坂學問所.jpg>,劉妍慧,2022年10月5日,日本-東京-文京-湯島
223,eaa26ecf-6061-4316-9fbb-ecde73960308,春秋諸傳會通,经部,,,不详,,不详,,,,日本,日本文政癸未年,1823,2,(卷5末)<EAA26ECF/pics/藏書印_文政癸未.jpg>,劉妍慧,2022年10月28日,日本
224,eaa26ecf-6061-4316-9fbb-ecde73960308,春秋諸傳會通,经部,内閣文庫,國立公文書館,公家,,不详,,日本東京都千代田區北之丸公園,日本東京都千代田區北之丸公園,日本-東京-千代田-北之丸公園,1868年,1868,3,(卷1)<EAA26ECF/pics/藏書印_日本政府圖書.jpg>(卷1)<EAA26ECF/pics/藏書印_政府圖書.jpg>,劉妍慧,2022年10月5日,日本-東京-千代田-北之丸公園
225,eaa26ecf-6061-4316-9fbb-ecde73960308,春秋諸傳會通,经部,大學校/大學,大學校/大學,大學,,不详,,日本東京,日本東京,日本-東京,日本明治元年後,>1868,4,(卷1)<EAA26ECF/pics/藏書印_大學校圖書之印.jpg>,劉妍慧,2022年10月6日,日本-東京
226,eaa26ecf-6061-4316-9fbb-ecde73960308,春秋諸傳會通,经部,書籍館,書籍館,公家,,不详,,日本東京上野湯島,日本東京上野湯島,日本-東京-文京-湯島,日本明治五年後,>1872,5,(卷1)<EAA26ECF/pics/藏書印_書籍館印.jpg>,劉妍慧,2022年10月6日,日本-東京-文京-湯島
227,eaa26ecf-6061-4316-9fbb-ecde73960308,春秋諸傳會通,经部,淺草文庫,淺草文庫,公家,,不详,,日本東京上野湯島,日本東京上野湯島,日本-東京-台東-藏前町,日本明治七年後,>1874,6,(卷1)<EAA26ECF/pics/藏書印_淺草文庫.jpg>,劉妍慧,2022年10月6日,日本-東京-台東-藏前町
228,eaa26ecf-6061-4316-9fbb-ecde73960308,春秋諸傳會通,经部,宮内省圖書寮,宮内廳書陵部,皇家,,不详,,日本東京市中心皇宮內天守閣遺跡旁,日本東京市中心皇宮內天守閣遺跡旁,日本-東京-千代田-皇居,日本明治十七年後,>1884,7,,劉妍慧,2022年10月6日,日本-東京-千代田-皇居
229,ec87a108-e94f-403b-8c87-c66fdc017818,十七史詳節,史部,,,不详,呂祖謙,不详,纂,建,福建省建陽縣麻沙鎮,中國-福建-建陽-麻沙鎮,元,1271-1368,0,《日本宮內廳書陵部藏宋元版漢籍選刊》41,劉妍慧,2022年10月6日,中國-福建-建陽-麻沙鎮
230,ec87a108-e94f-403b-8c87-c66fdc017818,十七史詳節,史部,日本舊御府圖書館,日本舊御府圖書館,公家,,不详,,日本東京市中心皇宮內舊御府圖書館,日本東京市中心皇宮內舊御府圖書館,日本-東京-中心皇宮內舊御府圖書館,,,1,(書前牌記)<EC87A108/pics/藏書印_御府圖書.jpg>,劉妍慧,2022年10月7日,日本-東京-中心皇宮內舊御府圖書館
231,ec87a108-e94f-403b-8c87-c66fdc017818,十七史詳節,史部,艮岳院,艮岳院,寺廟,,不详,,日本京都東福寺塔頭艮岳院,日本京都東福寺塔頭艮岳院,日本-京都-东山区,,,2,(卷6)<EC87A108/pics/藏書印_艮岳院.jpg>,劉妍慧,2022年10月7日,日本-京都-东山区
232,ec87a108-e94f-403b-8c87-c66fdc017818,十七史詳節,史部,寶勝院,寶勝院,寺廟,,不详,,日本京都東福寺塔頭寶勝院,日本京都東福寺塔頭寶勝院,日本-京都-东山区,,,3,(書前牌記)<EC87A108/pics/藏書印_寶勝院.jpg>,劉妍慧,2022年10月13日,日本-京都-东山区
233,ec87a108-e94f-403b-8c87-c66fdc017818,十七史詳節,史部,京都學校,京都學校,大學,,不详,,日本京都,日本京都,日本-京都,1604年後,>1604,4,(書前牌記)<EC87A108/pics/藏書印_京都學校藏書之印.jpg>,劉妍慧,2022年10月13日,日本-京都
234,ec87a108-e94f-403b-8c87-c66fdc017818,十七史詳節,史部,學習院,學習院,大學,,不详,,日本東京豐島區,日本東京豐島區,日本-東京-豐島,日本弘化四年後,>1847,5,(書前牌記)<EC87A108/pics/藏書印_學習院印.jpg>,劉妍慧,2022年10月14日,日本-東京-豐島
235,ec87a108-e94f-403b-8c87-c66fdc017818,十七史詳節,史部,楓山文庫,楓山文庫,公家,,不详,,日本江戶紅葉山,日本江戶紅葉山,日本-東京-紅葉山,日本弘化四年至明治十七年,1847-1884,6,,劉妍慧,2022年10月26日,日本-東京-紅葉山
236,ec87a108-e94f-403b-8c87-c66fdc017818,十七史詳節,史部,宮内省圖書寮,宮内廳書陵部,皇家,,不详,,日本東京市中心皇宮內天守閣遺跡旁,日本東京市中心皇宮內天守閣遺跡旁,日本-東京-千代田-皇居,明治十七年後,>1884,7,,劉妍慧,2022年10月14日,日本-東京-千代田-皇居
237,b3df214b-7ea9-4eba-9cab-64919a3e4020,新編四六必用方與勝覽,子部,,,不详,祝穆,不详,撰,建,福建省建陽縣麻沙鎮,中國-福建-建陽-麻沙鎮,南宋,1238,0,《日本宮內廳書陵部藏宋元版漢籍選刊》60,劉妍慧,2022年10月6日,中國-福建-建陽-麻沙鎮
238,b3df214b-7ea9-4eba-9cab-64919a3e4020,新編四六必用方與勝覽,子部,日本舊御府圖書館,日本舊御府圖書館,公家,,不详,,日本東京市中心皇宮內舊御府圖書館,日本東京市中心皇宮內舊御府圖書館,日本-東京-中心皇宮內舊御府圖書館,,,1,(卷1)<B3DF214B/pics/藏書印_御府圖書.jpg>,劉妍慧,2022年10月14日,日本-東京-中心皇宮內舊御府圖書館
239,b3df214b-7ea9-4eba-9cab-64919a3e4020,新編四六必用方與勝覽,子部,龍眠庵,龍眠庵,寺廟,,不详,,日本京都市東福寺龍眠庵,日本京都市東福寺龍眠庵,日本-京都-东山区,,,2,(卷1)<B3DF214B/pics/藏書印_龍眠.jpg>,劉妍慧,2022年10月19日,日本-京都-东山区
240,b3df214b-7ea9-4eba-9cab-64919a3e4020,新編四六必用方與勝覽,子部,黃雪書屋,黃雪書屋,私人,市橋長昭,學者,收藏,日本近江國蒲生郡西大路藩,日本滋賀縣東山道地區,日本-滋賀-東山道地區,1773年-1814年,1773-1814,3,(卷1)<B3DF214B/pics/藏書印_仁正侯長昭黃雪書屋監藏圖書之印.jpg>,劉妍慧,2022年10月14日,日本-滋賀-東山道地區
241,b3df214b-7ea9-4eba-9cab-64919a3e4020,新編四六必用方與勝覽,子部,昌平坂學問所,昌平坂學問所,大學,,不详,,日本東京上野湯島,日本東京上野湯島,日本-東京-文京-湯島,日本寬政九年後,>1797,4,(自序末)<B3DF214B/pics/藏書印_昌平坂學問所.jpg>,劉妍慧,2022年10月14日,日本-東京-文京-湯島
242,b3df214b-7ea9-4eba-9cab-64919a3e4020,新編四六必用方與勝覽,子部,内務省文庫,内務省文庫,公家,,不详,,日本東京內務省,日本東京內務省,日本-東京-內務省,日本明治六年後,>1873,5,(卷1)<B3DF214B/pics/藏書印_內務省文庫印.jpg>,劉妍慧,2022年10月14日,日本-東京-內務省
243,b3df214b-7ea9-4eba-9cab-64919a3e4020,新編四六必用方與勝覽,子部,淺草文庫,淺草文庫,公家,,不详,,日本東京上野湯島,日本東京上野湯島,日本-東京-台東-藏前町,日本明治七年七月後,>1874,6,(卷1)<B3DF214B/pics/藏書印_淺草文庫.jpg>,劉妍慧,2022年10月14日,日本-東京-台東-藏前町
244,b3df214b-7ea9-4eba-9cab-64919a3e4020,新編四六必用方與勝覽,子部,宮内省圖書寮,宮内廳書陵部,皇家,,不详,,日本東京市中心皇宮內天守閣遺跡旁,日本東京市中心皇宮內天守閣遺跡旁,日本-東京-千代田-皇居,日本明治十七年後,>1884,7,,劉妍慧,2022年10月27日,日本-東京-千代田-皇居
245,b3fe92b0-ba11-4789-b2d3-7f0014583dbf,集千家註分類杜工部詩,集部,,,不详,杜甫/徐居仁/黃鶴,不详,撰/編次/補注,圭山書院,福建省建陽縣麻沙鎮,中國-福建-建陽-麻沙鎮,元,1348,0,《日本宮內廳書陵部藏宋元版漢籍選刊》119/吳國武《宋元書院本雜考——以<書林清話>為中心》,劉妍慧,2022年10月6日,中國-福建-建陽-麻沙鎮
246,b3fe92b0-ba11-4789-b2d3-7f0014583dbf,集千家註分類杜工部詩,集部,林氏家塾,林氏家塾,私人,林恕,學者,收藏,日本東京上野忍岡,日本東京上野忍岡,日本-東京-上野忍岡,1618年後,>1618,1,(杜工部傳序碑銘)<B3FE92B0/pics/藏書印_弘文學士院.jpg>,劉妍慧,2022年10月17日,日本-東京-上野忍岡
247,b3fe92b0-ba11-4789-b2d3-7f0014583dbf,集千家註分類杜工部詩,集部,林氏家塾,林氏家塾,私人,林衡,學者,收藏,日本東京上野忍岡,日本東京上野忍岡,日本-東京-上野忍岡,日本寬政五年後,>1793,2,(杜工部傳序碑銘)<B3FE92B0/pics/藏書印_林氏藏書.jpg>,劉妍慧,2022年10月17日,日本-東京-上野忍岡
248,b3fe92b0-ba11-4789-b2d3-7f0014583dbf,集千家註分類杜工部詩,集部,内務省文庫,内務省文庫,公家,,不详,,日本東京內務省,日本東京內務省,日本-東京-內務省,日本明治六年後,>1873,3,(杜工部傳序碑銘)<B3FE92B0/pics/藏書印_內務省文庫印.jpg>,劉妍慧,2022年10月17日,日本-東京-內務省
249,b3fe92b0-ba11-4789-b2d3-7f0014583dbf,集千家註分類杜工部詩,集部,淺草文庫,淺草文庫,公家,,不详,,日本東京上野湯島,日本東京上野湯島,日本-東京-台東-藏前町,日本明治七年七月後,>1874,4,(杜工部傳序碑銘)<B3FE92B0/pics/藏書印_淺草文庫.jpg>,劉妍慧,2022年10月17日,日本-東京-台東-藏前町
250,b3fe92b0-ba11-4789-b2d3-7f0014583dbf,集千家註分類杜工部詩,集部,宮内省圖書寮,宮内廳書陵部,皇家,,不详,,日本東京市中心皇宮內天守閣遺跡旁,日本東京市中心皇宮內天守閣遺跡旁,日本-東京-千代田-皇居,日本明治十七年後,>1884,5,(杜工部傳序碑銘)<B3FE92B0/pics/藏書印_宮內省圖書印.jpg>,劉妍慧,2022年10月17日,日本-東京-千代田-皇居
251,65aa2522-bc52-4340-b770-b08807e7cf15,文選（贛州本）,集部,,,不详,蕭統/李善/五臣（呂延濟、劉良、張銑、呂向、李周瀚）,不详,編撰/注,贛州,江西省贛州市,中國-江西-贛州,北宋/南宋,,0,《日本宮內廳書陵部藏宋元版漢籍選刊》153,劉妍慧,2022年10月26日,中國-江西-贛州
252,65aa2522-bc52-4340-b770-b08807e7cf15,文選（贛州本）,集部,京都妙覺寺,京都妙覺寺,寺廟,僧玄興,僧侶,,日本京都,日本京都,日本-京都,日本親町天皇永祿九年-後陽城天皇天正十九年,1566-1591,1,,劉妍慧,2022年10月22日,日本-京都
253,65aa2522-bc52-4340-b770-b08807e7cf15,文選（贛州本）,集部,佐伯藩,佐伯藩,私人,毛利高標,官員,,日本江戶時代九州地區豐后國海部郡佐伯藩,日本大分縣佐伯市,日本-大分-佐伯,1760年-1801年,1760-1801,2,,劉妍慧,2022年10月22日,日本-大分-佐伯
254,65aa2522-bc52-4340-b770-b08807e7cf15,文選（贛州本）,集部,楓山文庫,楓山文庫,公家,德川家齊,官員,,日本江戶紅葉山,日本江戶紅葉山,日本-東京-紅葉山,仁孝天皇文政年間至明治十七年,1818-1884,3,,劉妍慧,2022年10月22日,日本-東京-紅葉山
255,65aa2522-bc52-4340-b770-b08807e7cf15,文選（贛州本）,集部,太政官文庫,國立公文書館,公家,,不详,,日本東京都千代田區北之丸公園,日本東京都千代田區北之丸公園,日本-東京-千代田-北之丸公園,明治十七年至明治十八年,1884-1885,4,,劉妍慧,2022年10月22日,日本-東京-千代田-北之丸公園
256,65aa2522-bc52-4340-b770-b08807e7cf15,文選（贛州本）,集部,内閣文庫,國立公文書館,公家,,不详,,日本東京都千代田區北之丸公園,日本東京都千代田區北之丸公園,日本-東京-千代田-北之丸公園,明治十八年至明治二十四年,1885-1891,5,,劉妍慧,2022年10月22日,日本-東京-千代田-北之丸公園
257,65aa2522-bc52-4340-b770-b08807e7cf15,文選（贛州本）,集部,宮内省圖書寮,宮内廳書陵部,皇家,,不详,,日本東京市中心皇宮內天守閣遺跡旁,日本東京市中心皇宮內天守閣遺跡旁,日本-東京-千代田-皇居,明治二十四年,1891,6,(總目錄前)<65AA2522/pics/藏書印_宮內省圖書印.jpg>,劉妍慧,2022年10月22日,日本-東京-千代田-皇居
261,65aa2522-bc52-4340-b770-b08807e7cf15,文選（贛州本）,集部,宮内省圖書寮,宮内廳書陵部,皇家,,不详,,日本東京市中心皇宮內天守閣遺跡旁,日本東京市中心皇宮內天守閣遺跡旁,日本-東京-千代田-皇居,明治二十四年,1891,6,(總目錄首頁)<65AA2522/pics/藏書印_宮內省圖書印.jpg>,劉妍慧,2022年10月22日,日本-東京-千代田-皇居
262,65aa2522-bc52-4340-b770-b08807e7cf15,文選（贛州本）,集部,宮内廳書陵部,宮内廳書陵部,皇家,,不详,,日本東京市中心皇宮內天守閣遺跡旁,日本東京市中心皇宮內天守閣遺跡旁,日本-東京-千代田-皇居,二戰後,>1949,7,,劉妍慧,2022年10月29日,日本-東京-千代田-皇居
263,9fd7d816-6233-49b2-b3b4-be92b5d0ec9a,寒山詩集,集部,,,不详,寒山,不详,,,,中國,南宋,1127-1279,0,《日本宮內廳書陵部藏宋元版漢籍選刊》121,蔣彭飛,44838,中國
264,9fd7d816-6233-49b2-b3b4-be92b5d0ec9a,寒山詩集,集部,無範,無範,私人,,不详,,,,中國,,,,(上海古籍出版社影印本第414頁)<9FD7D816/pics/藏書印_無範.jpg>,蔣彭飛,44838,中國
265,9fd7d816-6233-49b2-b3b4-be92b5d0ec9a,寒山詩集,集部,植邨書屋,植邨書屋,私人,,不详,,,,中國,,,,(卷首)<9FD7D816/pics/藏書印_植邨書屋.jpg>,蔣彭飛,44838,中國
266,9fd7d816-6233-49b2-b3b4-be92b5d0ec9a,寒山詩集,集部,霞亭,霞亭,私人,渡邊霞亭,學者,,,,中國,,,,(卷首)<9FD7D816/pics/藏書印_霞亭珍賞.jpg>,蔣彭飛,44838,中國
267,9fd7d816-6233-49b2-b3b4-be92b5d0ec9a,寒山詩集,集部,暢春堂,暢春堂,私人,河合元升,學者,題跋,日本姬路,日本姬路,日本-姬路,,,1,(卷首)<9FD7D816/pics/藏書印_暢春堂圖書翰.jpg>,蔣彭飛,44838,日本-姬路
268,9fd7d816-6233-49b2-b3b4-be92b5d0ec9a,寒山詩集,集部,宮内省圖書寮,宮内廳書陵部,皇家,,不详,,日本東京,日本東京,日本-東京-千代田-皇居,,,2,(卷首)<9FD7D816/pics/藏書印_帝室圖書之章.jpg><9FD7D816/pics/藏書印_慶福院.jpg>,蔣彭飛,44838,日本-東京-千代田-皇居
269,9fd7d816-6233-49b2-b3b4-be92b5d0ec9a,寒山詩集,集部,宮内廳書陵部,宮内廳書陵部,皇家,,不详,,日本東京,日本東京,日本-東京-千代田-皇居,,,3,,蔣彭飛,44838,日本-東京-千代田-皇居
270,e546cc31-3427-4843-8f08-3e042c8fcba2,西翁近藁,集部,,,不详,譚景星/陳泗孔,不详,著/編,湖廣,湖南,中國-湖南,元,1314-1320,0,《日本宮內廳書陵部藏宋元版漢籍選刊》152,蔣彭飛,44838,中國-湖南
271,e546cc31-3427-4843-8f08-3e042c8fcba2,西翁近藁,集部,佐伯藩,佐伯藩,私人,毛利高標,官員,,日本江戶時代九州地區豐后國海部郡佐伯藩,日本大分縣佐伯市,日本-大分-佐伯,約寳歷五年至寬政十三年,1755-1801,1,(卷首)<E546CC31/pics/藏書印_佐伯侯毛利高標字培松藏書畫之印.jpg>,蔣彭飛,44838,日本-大分-佐伯
272,e546cc31-3427-4843-8f08-3e042c8fcba2,西翁近藁,集部,宮内廳書陵部,宮内廳書陵部,皇家,,不详,,日本東京,日本東京,日本-東京-千代田-皇居,,,2,,蔣彭飛,44838,日本-東京-千代田-皇居
273,65068b19-1329-496e-9dbd-c3a41f15e687,北礀集,集部,,,不详,釋居簡,不详,,,,中國,南宋,1127-1279,0,《日本宮內廳書陵部藏宋元版漢籍選刊》150,蔣彭飛,44840,中國
274,65068b19-1329-496e-9dbd-c3a41f15e687,北礀集,集部,圓覺寺,圓覺寺,寺廟,無學祖元,僧侶,,日本鐮倉,日本鐮倉,日本-鐮倉,弘安五年后,>1282,1,,蔣彭飛,44840,日本-鐮倉
275,65068b19-1329-496e-9dbd-c3a41f15e687,北礀集,集部,成簣堂文庫,成簣堂文庫,私人,德富蘇峰,學者,題識,日本東京,日本東京,日本-東京,明治三十八年,1905,2,,蔣彭飛,44840,日本-東京
276,65068b19-1329-496e-9dbd-c3a41f15e687,北礀集,集部,宮内廳書陵部,宮内廳書陵部,皇家,,不详,,日本東京,日本東京,日本-東京-千代田-皇居,,,3,,蔣彭飛,44840,日本-東京-千代田-皇居
277,62820972-a4f4-421d-bbe3-6f519c85821e,魏氏家藏方,子部,,,不详,魏峴,不详,,,,中國,南宋,1127-1279,0,《日本宮內廳書陵部藏宋元版漢籍選刊》67,蔣彭飛,44840,中國
278,62820972-a4f4-421d-bbe3-6f519c85821e,魏氏家藏方,子部,普門院,普門院,寺廟,聖一國師,僧侶,,日本京都,日本京都,日本-京都,,,1,(卷一)<62820972/pics/藏書印_普門院.jpg>,蔣彭飛,44840,日本-京都
279,62820972-a4f4-421d-bbe3-6f519c85821e,魏氏家藏方,子部,躋壽館,江戶醫學館,私人,多紀元孝,學者,,日本江戶,日本江戶,日本-東京,明和二年后,>1765,2,(卷首)<62820972/pics/藏書印_多紀氏藏書之印.jpg>,蔣彭飛,44840,日本-東京
280,62820972-a4f4-421d-bbe3-6f519c85821e,魏氏家藏方,子部,廣壽院,廣壽院,寺廟,多紀元德,學者,,日本江戶,日本江戶,日本-東京,寬政三年前,<1791,3,(卷一)<62820972/pics/藏書印_廣壽院子架藏記.jpg>,蔣彭飛,44840,日本-東京
281,62820972-a4f4-421d-bbe3-6f519c85821e,魏氏家藏方,子部,醫學館,醫學館,公家,,不详,,日本江戶,日本江戶,日本-東京-千代田-神田佐九間町,寬政三年后,>1791,4,(卷首)<62820972/pics/藏書印_江戶醫學藏書之記.jpg>,蔣彭飛,44840,日本-東京-千代田-神田佐九間町
282,62820972-a4f4-421d-bbe3-6f519c85821e,魏氏家藏方,子部,内閣文庫,國立公文書館,公家,,不详,,日本東京,日本東京,日本-東京-千代田-北之丸公園,明治十九年至昭和八年,1886-1933,5,(卷首)<62820972/pics/藏書印_日本政府圖書.jpg>,蔣彭飛,44840,日本-東京-千代田-北之丸公園
283,62820972-a4f4-421d-bbe3-6f519c85821e,魏氏家藏方,子部,宮内省圖書寮,宮内廳書陵部,皇家,,不详,,日本東京,日本東京,日本-東京-千代田-皇居,昭和八年后,>1933,6,(卷首)<62820972/pics/藏書印_帝室圖書之章.jpg>,蔣彭飛,44840,日本-東京-千代田-皇居
284,62820972-a4f4-421d-bbe3-6f519c85821e,魏氏家藏方,子部,宮内廳書陵部,宮内廳書陵部,皇家,,不详,,日本東京,日本東京,日本-東京-千代田-皇居,,,7,,蔣彭飛,44840,日本-東京-千代田-皇居
285,56a643c2-3d38-4470-9179-f1db057a42a2,村西集,集部,,,不详,譚景星/陳泗孔,不详,著/編,湖廣,湖南,中國-湖南,元,1314-1320,0,《日本宮內廳書陵部藏宋元版漢籍選刊》152,蔣彭飛,44841,中國-湖南
286,56a643c2-3d38-4470-9179-f1db057a42a2,村西集,集部,佐伯藩,佐伯藩,私人,毛利高標,官員,,日本江戶時代九州地區豐后國海部郡佐伯藩,日本大分縣佐伯市,日本-大分-佐伯,約寳歷五年至寬政十三年,1755-1801,1,(卷首)<56A643C2/pics/藏書印_佐伯侯毛利高標字培松藏書畫之印.jpg>,蔣彭飛,44841,日本-大分-佐伯
287,56a643c2-3d38-4470-9179-f1db057a42a2,村西集,集部,宮内廳書陵部,宮内廳書陵部,皇家,,不详,,日本東京,日本東京,日本-東京-千代田-皇居,,,2,,蔣彭飛,44841,日本-東京-千代田-皇居
288,306fe20f-57e9-44f8-b288-06dad9b5a93f,王文公文集,集部,,,不详,王安石,不详,撰,龍舒,安徽省舒縣,中國-安徽-舒縣,南宋紹興年间（紹興二十一年前）,1131-1151,0,《日本宮內廳書陵部藏宋元版漢籍選刊》126,周彥羲,44838,中國-安徽-舒縣
289,306fe20f-57e9-44f8-b288-06dad9b5a93f,王文公文集,集部,金澤文庫,金澤文庫,公家,,不详,,日本神奈川縣橫濱市金澤區金澤町,日本神奈川縣橫濱市金澤區金澤町,日本-神奈川-橫濱-金澤-金澤町,鐮倉時期（北條實時之後）,>1247,1,(卷1)<306FE20F/pics/藏書印_金澤文庫.jpg>,周彥羲,44839,日本-神奈川-橫濱-金澤-金澤町
290,306fe20f-57e9-44f8-b288-06dad9b5a93f,王文公文集,集部,心華藏書,心華藏書,私人,心華元棣,學者,收藏,日本京都府,日本京都府,日本-京都,室町時期,>1339,2,(卷1)<306FE20F/pics/藏書印_心華藏書.jpg>,周彥羲,44839,日本-京都
291,306fe20f-57e9-44f8-b288-06dad9b5a93f,王文公文集,集部,賜蘆文庫,賜蘆文庫,私人,新見正路,學者,收藏,日本大阪府,日本大阪府,日本-大阪,江戶後期,1791-1848,3,(卷1)<306FE20F/pics/藏書印_賜蘆文庫.jpg>,周彥羲,44839,日本-大阪
292,306fe20f-57e9-44f8-b288-06dad9b5a93f,王文公文集,集部,顏氏家藏,顏氏家藏,私人,,不详,收藏,,,日本,,,4?,(卷3末)<306FE20F/pics/藏書印_顏氏家藏.jpg>,周彥羲,44839,日本
293,306fe20f-57e9-44f8-b288-06dad9b5a93f,王文公文集,集部,宮内省圖書寮,宮内廳書陵部,皇家,,不详,收藏,日本東京,日本東京,日本-東京-千代田-皇居,明治十七年以後,>1884,5,(卷1)<306FE20F/pics/藏書印_宮內省圖書印.jpg>,周彥羲,44839,日本-東京-千代田-皇居
294,306fe20f-57e9-44f8-b288-06dad9b5a93f,王文公文集,集部,宮内廳書陵部,宮内廳書陵部,皇家,,不详,收藏,日本東京,日本東京,日本-東京-千代田-皇居,一九四九年後,>1949,6,,周彥羲,44839,日本-東京-千代田-皇居
295,a17f92c2-4dd6-45eb-956f-b1d5bc6f4b8b,重廣分門三蘇先生文粹,集部,,,不详,蘇洵/蘇軾/蘇轍/闕名,不详,撰/編,,,中國,南宋紹興年間,1131-1162,0,《日本宮內廳書陵部藏宋元版漢籍選刊》137,周彥羲,44838,中國
296,a17f92c2-4dd6-45eb-956f-b1d5bc6f4b8b,重廣分門三蘇先生文粹,集部,全谿義塾,全谿義塾,其他,,不详,改裝,,,中國,明英宗正統十一年,1446,1,(卷100末)<A17F92C2/pics/題識_正統丙寅孟秋重裝於全谿義塾.jpg>,周彥羲,44847,中國
297,a17f92c2-4dd6-45eb-956f-b1d5bc6f4b8b,重廣分門三蘇先生文粹,集部,,,不详,陳齊巖,學者,收藏,,,中國,明清之際,1446-1674,2,(卷2)<A17F92C2/pics/藏書印_陳氏齊巖寶玩.jpg>,周彥羲,44847,中國
298,a17f92c2-4dd6-45eb-956f-b1d5bc6f4b8b,重廣分門三蘇先生文粹,集部,謙牧堂,謙牧堂,私人,納蘭揆敘,官員,收藏,北京,北京,中國-北京,康熙年間,1674-1717,3,(卷1)<A17F92C2/pics/藏書印_謙牧堂藏書記.jpg>(卷1末)<A17F92C2/pics/藏書印_兼牧堂書畫記.jpg>,周彥羲,44847,中國-北京
299,a17f92c2-4dd6-45eb-956f-b1d5bc6f4b8b,重廣分門三蘇先生文粹,集部,天祿琳瑯,天祿琳瑯,皇家,愛新覺羅弘曆,皇室,收藏,北京,北京,中國-北京,乾隆年間,1717-1795,4,(書首)<A17F92C2/pics/藏書印_五福五代堂寶.jpg>(書首)<A17F92C2/pics/藏書印_八征耄念之寶.jpg>(書首)<A17F92C2/pics/藏書印_太上皇帝之寶.jpg>(卷1)<A17F92C2/pics/藏書印_天祿繼鑒.jpg>(卷1)<A17F92C2/pics/藏書印_乾隆御覽之寶.jpg>(卷1末)<A17F92C2/pics/藏書印_天祿琳琅.jpg>,周彥羲,44847,中國-北京
300,a17f92c2-4dd6-45eb-956f-b1d5bc6f4b8b,重廣分門三蘇先生文粹,集部,清宮内府,清宮内府,皇家,愛新覺羅顒琰、旻宁、奕詝、载淳、载湉、溥仪,皇室,收藏,北京,北京,中國-北京,清嘉慶至宣統年間,1796-1922,5,,周彥羲,44847,中國-北京
301,a17f92c2-4dd6-45eb-956f-b1d5bc6f4b8b,重廣分門三蘇先生文粹,集部,,,不详,溥儀/溥傑,皇室,轉贈,天津,天津,中國-天津,一九二二至一九三五,1922-1935,6,,周彥羲,44847,中國-天津
302,a17f92c2-4dd6-45eb-956f-b1d5bc6f4b8b,重廣分門三蘇先生文粹,集部,,,不详,溥傑,皇室,代管,長春,長春,中國-吉林-長春,一九二二至一九三五,1922-1935,7,,周彥羲,44847,中國-吉林-長春
303,a17f92c2-4dd6-45eb-956f-b1d5bc6f4b8b,重廣分門三蘇先生文粹,集部,,,不详,溥儀/日本天皇,皇室,轉贈,日本東京,日本東京,日本-東京,一九三五年四月,1935.4,8,,周彥羲,44847,日本-東京
304,a17f92c2-4dd6-45eb-956f-b1d5bc6f4b8b,重廣分門三蘇先生文粹,集部,宮内省圖書寮,宮内廳書陵部,皇家,,不详,收藏,日本東京,日本東京,日本-東京-千代田-皇居,一九三五年至一九四九年,1935.4-1949,9,(卷1)<A17F92C2/pics/藏書印_宮內省圖書印.jpg>,周彥羲,44847,日本-東京-千代田-皇居
305,a17f92c2-4dd6-45eb-956f-b1d5bc6f4b8b,重廣分門三蘇先生文粹,集部,宮内廳書陵部,宮内廳書陵部,皇家,,不详,收藏,日本東京,日本東京,日本-東京-千代田-皇居,一九四九年後,>1949,10,,周彥羲,44847,日本-東京-千代田-皇居
306,514a2141-61d2-4929-bead-5f09be42f71f,新編類要圖註本草,子部,建安勵賢堂,建安勵賢堂,私人,余彥國,學者,刊刻,福建建陽,福建建陽,中國-福建-建陽,南宋,1127-1279,0,(總目錄末)<514A2141/pics/牌記_建安余彥國刊於勵賢堂.jpg>,周彥羲,44854,中國-福建-建陽
307,514a2141-61d2-4929-bead-5f09be42f71f,新編類要圖註本草,子部,金澤文庫,金澤文庫,公家,,不详,,日本神奈川縣橫濱市金澤區金澤町,日本神奈川縣橫濱市金澤區金澤町,日本-神奈川-橫濱-金澤-金澤町,鐮倉時期(且北條實時之後),>1247,1,(卷1)<514A2141/pics/藏書印_金澤文庫.jpg>,周彥羲,44854,日本-神奈川-橫濱-金澤-金澤町
308,514a2141-61d2-4929-bead-5f09be42f71f,新編類要圖註本草,子部,聿修堂,聿修堂,私人,丹波氏(即多紀氏，多紀元孝等),學者,收藏,日本,日本,日本,江戶時期,~1755,2,(卷1)<514A2141/pics/藏書印_多紀氏蔵書印.jpg>,周彥羲,44854,日本
309,514a2141-61d2-4929-bead-5f09be42f71f,新編類要圖註本草,子部,躋壽館,江戶醫學館,私人,丹波氏(即多紀氏，多紀元孝等),學者,收藏,神田佐久間街天文臺遺址,,日本-東京,明和二年至寬政三年,1765-1791,3,(卷1)<514A2141/pics/藏書印_江戶醫學藏書之印.jpg>,周彥羲,44854,日本-東京
310,514a2141-61d2-4929-bead-5f09be42f71f,新編類要圖註本草,子部,江戶醫學館(初名“躋壽館”),江戶醫學館(初名“躋壽館”),公家,江戶幕府,不详,收藏,神田佐久間街天文臺遺址,,日本,寬政三年之後,>1791,4,(卷1)<514A2141/pics/藏書印_江戶醫學藏書之印.jpg>,周彥羲,44854,日本
311,514a2141-61d2-4929-bead-5f09be42f71f,新編類要圖註本草,子部,帝國博物館,帝國博物館,公家,,不详,收藏,東京臺東區上野公園北,東京臺東區上野公園北,日本-東京-臺東-上野公園北,一八八九年後,>1889,5,(卷1)<514A2141/pics/藏書印_帝室圖書之章.jpg>,周彥羲,44854,日本-東京-臺東-上野公園北
312,514a2141-61d2-4929-bead-5f09be42f71f,新編類要圖註本草,子部,宮内省圖書寮,宮内廳書陵部,皇家,,不详,收藏,日本東京,日本東京,日本-東京-千代田-皇居,一九一二年後,1912-1949,6,(卷1)<514A2141/pics/藏書印_宮內省圖書印.jpg>,周彥羲,44854,日本-東京-千代田-皇居
313,514a2141-61d2-4929-bead-5f09be42f71f,新編類要圖註本草,子部,宮内廳書陵部,宮内廳書陵部,皇家,,不详,收藏,日本東京,日本東京,日本-東京-千代田-皇居,一九四九年後,>1949,,,周彥羲,44854,日本-東京-千代田-皇居
314,70319845-35c1-42c4-81bb-88ac5b512d61,聯燈會要,子部,,,不详,釋悟明,不详,撰,松江澱山,上海市青浦縣,中國-上海-青浦,元世祖至元二十八年辛卯,1291,0,《日本宮內廳書陵部藏宋元版漢籍選刊》116,周彥羲,44838,中國-上海-青浦
315,70319845-35c1-42c4-81bb-88ac5b512d61,聯燈會要,子部,京都五山南禪寺,京都五山南禪寺,寺廟,,不详,收藏,日本京都,日本京都,日本-京都,五山時期(且成立京都五山之後),>1335,1?,(卷1?)<70319845/pics/藏書印_金地院.jpg>,周彥羲,44854,日本-京都
316,70319845-35c1-42c4-81bb-88ac5b512d61,聯燈會要,子部,増上寺恵照院,増上寺恵照院,寺廟,,不详,收藏,日本東京,日本東京,日本-東京,明德四年後,>1393,2,(序首)<70319845/pics/藏書印_緣山慧照院常住物.jpg>,周彥羲,44854,日本-東京
317,70319845-35c1-42c4-81bb-88ac5b512d61,聯燈會要,子部,讀杜草堂/靜節山房,讀杜草堂/靜節山房,私人,寺田弘(一名盛業，字士弘，號望南),學者,收藏,日本鹿兒島郡,日本鹿兒島郡,日本-鹿兒島,明治時期,1868-1912,3,(卷4)<70319845/pics/藏書印_讀杜艸堂.jpg>(序首)<70319845/pics/藏書印_寺田盛業.jpg>(序首)<70319845/pics/藏書印_天下無雙.jpg>(序首)<70319845/pics/藏書印_清月山房.jpg>(序首)<70319845/pics/藏書印_古山.jpg>(序首)<70319845/pics/藏書印_字土弧號望南.jpg>,周彥羲,44854,日本-鹿兒島
318,70319845-35c1-42c4-81bb-88ac5b512d61,聯燈會要,子部,宮内省圖書寮,宮内廳書陵部,皇家,,不详,收藏,日本東京,日本東京,日本-東京-千代田-皇居,一九一二年後,1912-1949,4,(序首)<0C636A41/pics/藏書印_宮內省圖書印.jpg>,周彥羲,44854,日本-東京-千代田-皇居
319,70319845-35c1-42c4-81bb-88ac5b512d61,聯燈會要,子部,宮内廳書陵部,宮内廳書陵部,皇家,,不详,收藏,日本東京,日本東京,日本-東京-千代田-皇居,一九四九年後,>1949,5,,周彥羲,44854,日本-東京-千代田-皇居
320,0c636a41-3e61-4476-b6f5-dc0d682b9f79,禪林類聚,子部,,,不详,釋道泰/智境,不详,編,揚州,江蘇省揚州市,中國-江蘇-揚州,元大德十一年,1307,0,《日本宮內廳書陵部藏宋元版漢籍選刊》109,周彥羲,44838,中國-江蘇-揚州
321,0c636a41-3e61-4476-b6f5-dc0d682b9f79,禪林類聚,子部,,,不详,館機(名機，字樞卿),學者,補鈔,日本,日本,日本,天保八年丁酉歲八月十一日,1837,1,(卷15)<0C636A41/pics/題識.jpg>,周彥羲,44863,日本
322,0c636a41-3e61-4476-b6f5-dc0d682b9f79,禪林類聚,子部,讀杜草堂/靜節山房,讀杜草堂/靜節山房,私人,寺田弘(一名盛業，字士弘，號望南),學者,收藏,日本鹿兒島郡,日本鹿兒島郡,日本-鹿兒島,明治時期,1868-1912,2,(卷2首)<0C636A41/pics/藏書印_東京溜池靈南街第四號讀杜艸堂主人寺田盛業印記.jpg>(卷1)<0C636A41/pics/藏書印_薩摩國鹿兒島郡寺田平氏靜節山房清秘圖書記.jpg>(序首)<0C636A41/pics/藏書印_讀杜艸堂.jpg>(序首)<0C636A41/pics/藏書印_天下無雙.jpg>(序末)<0C636A41/pics/藏書印_藏叟.jpg>,周彥羲,44863,日本-鹿兒島
323,0c636a41-3e61-4476-b6f5-dc0d682b9f79,禪林類聚,子部,宮内省圖書寮,宮内廳書陵部,皇家,,不详,收藏,日本東京,日本東京,日本-東京-千代田-皇居,一九一二年後,1912-1949,3,(序首)<0C636A41/pics/藏書印_宮內省圖書印.jpg>,周彥羲,44863,日本-東京-千代田-皇居
324,0c636a41-3e61-4476-b6f5-dc0d682b9f79,禪林類聚,子部,宮内廳書陵部,宮内廳書陵部,皇家,,不详,收藏,日本東京,日本東京,日本-東京-千代田-皇居,一九四九年後,>1949,4,,周彥羲,44863,日本-東京-千代田-皇居
325,e0d5423b-eb8e-4553-b183-f2d69f24e5d9,景文宋公集,集部,,,不详,宋祁,不详,撰,,,中國,南宋,1127-1279,0,《日本宮內廳書陵部藏宋元版漢籍選刊》130,曾程,44861,中國
326,e0d5423b-eb8e-4553-b183-f2d69f24e5d9,景文宋公集,集部,金澤文庫,金澤文庫,公家,,不详,,日本神奈川縣橫濱市金澤區金澤町,日本神奈川縣橫濱市金澤區金澤町,日本-神奈川-橫濱-金澤-金澤町,北条實時之後,>1224,1,(卷31末)<e0d5423b\pics\藏書印_金澤文庫.png>,曾程,44861,日本-神奈川-橫濱-金澤-金澤町
327,e0d5423b-eb8e-4553-b183-f2d69f24e5d9,景文宋公集,集部,佐伯藩,佐伯藩,私人,毛利高標,官員,收藏,日本江戶時代九州地區豐后國海部郡佐伯藩,日本大分縣佐伯市,日本-大分-佐伯,,1755-1801,2,(卷32葉3)<e0d5423b\pics\藏書印_佐伯侯毛利高標字培松藏書畫之印.png>,曾程,44861,日本-大分-佐伯
328,e0d5423b-eb8e-4553-b183-f2d69f24e5d9,景文宋公集,集部,太政官文庫,國立公文書館,公家,,不详,,日本東京赤坂離宮,日本東京都港區赤坂離宮,日本-東京-千代田-北之丸公園,明治十二年至明治十九年,1879-1886,3,(卷1)<e0d5423b\pics\藏書印_秘閣圖書之章.png>,曾程,44861,日本-東京-千代田-北之丸公園
329,e0d5423b-eb8e-4553-b183-f2d69f24e5d9,景文宋公集,集部,宮内省圖書寮,宮内廳書陵部,皇家,,不详,,日本東京都千代田區皇居,日本東京都千代田區皇居,日本-東京-千代田-皇居,明治二十四年,>1891,4,(卷1)<e0d5423b\pics\藏書印_宮內省圖書印.png>,曾程,44861,日本-東京-千代田-皇居
330,e0d5423b-eb8e-4553-b183-f2d69f24e5d9,景文宋公集,集部,宮内省圖書寮,宮内廳書陵部,皇家,,不详,,日本東京都千代田區皇居,日本東京都千代田區皇居,日本-東京-千代田-皇居,明治二十四年,>1891,5,,曾程,44861,日本-東京-千代田-皇居
331,3e3e9c9a-a257-45ab-a6bf-b8c5e0ece7a1,增廣太平惠民和劑局方,子部,,,不详,陳師文,不详,校正,廬陵,江西省吉安市,中國-江西-吉安,元至元間,1264-1294,0,《日本宮內廳書陵部藏宋元版漢籍選刊》69,曾程,44861,中國-江西-吉安
332,3e3e9c9a-a257-45ab-a6bf-b8c5e0ece7a1,增廣太平惠民和劑局方,子部,,,不详,多紀元簡,學者,收藏,日本東京都千代田區神田佐九間町醫學館,日本東京都千代田區神田佐九間町,日本-東京-千代田-神田佐九間町,寶歷五年至文化七年,1755-1810,1,(卷1)<3e3e9c9a\pics\藏書印_多紀氏藏書印.png>,曾程,44861,日本-東京-千代田-神田佐九間町
333,3e3e9c9a-a257-45ab-a6bf-b8c5e0ece7a1,增廣太平惠民和劑局方,子部,醫學館,醫學館,公家,,不详,,日本東京都千代田區神田佐九間町醫學館,日本東京都千代田區神田佐九間町,日本-東京-千代田-神田佐九間町,寬政三年後,>1791,2,(卷1)<3e3e9c9a\pics\藏書印_江戶醫學藏書之記.png>,曾程,44861,日本-東京-千代田-神田佐九間町
334,3e3e9c9a-a257-45ab-a6bf-b8c5e0ece7a1,增廣太平惠民和劑局方,子部,帝國博物館,帝國博物館,公家,,不详,,日本東京都台東區上野公園,日本東京都台東區上野公園,日本-東京-臺東-上野公園北,明治二十二年後,>1889,3,(卷1)<3e3e9c9a\pics\藏書印_帝國博物館圖書.png>,曾程,44861,日本-東京-臺東-上野公園北
335,3e3e9c9a-a257-45ab-a6bf-b8c5e0ece7a1,增廣太平惠民和劑局方,子部,宮内省圖書寮,宮内廳書陵部,皇家,,不详,,日本東京都千代田區皇居,日本東京都千代田區皇居,日本-東京-千代田-皇居,明治十七年後,>1884,4,(卷1)<3e3e9c9a\pics\藏書印_宮內省圖書印.png>,曾程,44861,日本-東京-千代田-皇居
336,3e3e9c9a-a257-45ab-a6bf-b8c5e0ece7a1,增廣太平惠民和劑局方,子部,宮内省圖書寮,宮内廳書陵部,皇家,,不详,,日本東京都千代田區皇居,日本東京都千代田區皇居,日本-東京-千代田-皇居,明治十七年後,>1884,5,,曾程,44861,日本-東京-千代田-皇居
337,37170858-e158-471f-b957-f26e61c6cf02,歐陽文忠公集,集部,,,不详,歐陽修,不详,撰,廬陵,江西省吉安市,中國-江西-吉安,南宋慶元二年,1196,0,《日本宮內廳書陵部藏宋元版漢籍選刊》122-125,曾程,44861,中國-江西-吉安
338,37170858-e158-471f-b957-f26e61c6cf02,歐陽文忠公集,集部,,,不详,沢田一斎,學者,收藏,日本京都,日本京都,日本-京都,元祿十四年至天明二年,1701-1782,1,(卷1)<37170858\pics\藏書印_奚疑齋藏書.png>,曾程,44861,日本-京都
339,37170858-e158-471f-b957-f26e61c6cf02,歐陽文忠公集,集部,宮内省圖書寮,宮内廳書陵部,皇家,,不详,,日本東京都千代田區皇居,日本東京都千代田區皇居,日本-東京-千代田-皇居,明治十七年後,>1884,2,(卷1)<37170858\pics\藏書印_帝室圖書之章.png>,曾程,44861,日本-東京-千代田-皇居
340,37170858-e158-471f-b957-f26e61c6cf02,歐陽文忠公集,集部,宮内省圖書寮,宮内廳書陵部,皇家,,不详,,日本東京都千代田區皇居,日本東京都千代田區皇居,日本-東京-千代田-皇居,明治十七年後,>1884,3,,曾程,44861,日本-東京-千代田-皇居
341,78dd2a3b-2494-4cb3-8861-8c58dbf78b87,四書輯釋,经部,,,不详,倪士毅,不详,撰,建陽,福建省南平市建陽區,中國-福建-南平-建陽,元至正二年,1342,0,《日本宮內廳書陵部藏宋元版漢籍選刊》24-25,曾程,44861,中國-福建-南平-建陽
342,78dd2a3b-2494-4cb3-8861-8c58dbf78b87-2,四書輯釋,经部,,,不详,,不详,題識/訓點,,,中國,應永九年,1402,1,(卷14末)<78dd2a3b\pics\題識_應永九年.png>,曾程,44861,中國
343,78dd2a3b-2494-4cb3-8861-8c58dbf78b87-2,四書輯釋,经部,昌平坂學問所,昌平坂學問所,大學,,不详,,日本東京都忍岡,日本東京都台東區上野,日本-東京-文京-湯島,享和壬戌及以後,>1802,2,(卷1末)<78dd2a3b\pics\藏書印_昌平坂學問所.png>,曾程,44861,日本-東京-文京-湯島
344,78dd2a3b-2494-4cb3-8861-8c58dbf78b87-2,四書輯釋,经部,享和壬戌,享和壬戌,其他,,不详,,日本東京都忍岡,日本東京都台東區上野,日本-東京-台東-上野,,1802,2,(卷1末)<78dd2a3b\pics\藏書印_享和壬戌.png>,曾程,44861,日本-東京-台東-上野
345,78dd2a3b-2494-4cb3-8861-8c58dbf78b87-2,四書輯釋,经部,淺草文庫,淺草文庫,公家,,不详,,日本東京都忍岡,日本東京都台東區上野,日本-東京-台東-藏前町,明治七年至明治十四年,1874-1881,3,(卷1)<78dd2a3b\pics\藏書印_淺草文庫.png>,曾程,44861,日本-東京-台東-藏前町
346,78dd2a3b-2494-4cb3-8861-8c58dbf78b87-2,四書輯釋,经部,日本政府圖書,日本政府圖書,公家,,不详,,日本東京都赤坂離宮,日本東京都港區赤坂離宮,日本-東京-港區-赤坂離宮,明治十九年之後,>1886,4,(卷1)<78dd2a3b\pics\藏書印_日本政府圖書.png>,曾程,44861,日本-東京-港區-赤坂離宮
347,78dd2a3b-2494-4cb3-8861-8c58dbf78b87-2,四書輯釋,经部,御府圖書,御府圖書,皇家,,不详,,,,日本,,,,(卷1)<78dd2a3b\pics\藏書印_御府圖書.png>,曾程,44861,日本
348,78dd2a3b-2494-4cb3-8861-8c58dbf78b87-2,四書輯釋,经部,,最下方的印章看不清,不详,,不详,,,,日本,,,,(卷1)<78dd2a3b\pics\藏書印_.png>,曾程,44861,日本
349,78dd2a3b-2494-4cb3-8861-8c58dbf78b87-1,四書輯釋,经部,金地院,金地院,寺廟,,不详,,日本京都相國寺,日本京都相國寺,日本-京都-相國寺,,>1382,1,(卷首)<78dd2a3b\pics\藏書印_金地院.png>,曾程,44861,日本-京都-相國寺
350,78dd2a3b-2494-4cb3-8861-8c58dbf78b87-1,四書輯釋,经部,宮内省圖書寮,宮内廳書陵部,皇家,,不详,,日本東京都千代田區皇居,日本東京都千代田區皇居,日本-東京-千代田-皇居,明治十七年後,>1884,2,(卷首)<78dd2a3b\pics\藏書印_宮內省藏書印.png>,曾程,44861,日本-東京-千代田-皇居
351,78dd2a3b-2494-4cb3-8861-8c58dbf78b87,四書輯釋,经部,宮内省圖書寮,宮内廳書陵部,皇家,,不详,,日本東京都千代田區皇居,日本東京都千代田區皇居,日本-東京-千代田-皇居,,,5,,曾程,44861,日本-東京-千代田-皇居
352,3d678609-87ca-428f-be89-21ca2373e81b,春秋胡氏傳附錄纂疏,经部,,,不详,汪克寬,不详,撰,建陽,福建省南平市建陽區,中國-福建-南平-建陽,元至正八年,1348,0,《日本宮內廳書陵部藏宋元版漢籍選刊》17-20,曾程,44861,中國-福建-南平-建陽
353,3d678609-87ca-428f-be89-21ca2373e81b,春秋胡氏傳附錄纂疏,经部,,,不详,唐寅,學者,收藏,蘇州府吳縣,江蘇省蘇州市,中國-江蘇-蘇州,成化六年至嘉靖二年,1470-1523,1,(卷前先儒格言下)<3d678609\pics\藏書印_唐寅私印.png>,曾程,44861,中國-江蘇-蘇州
354,3d678609-87ca-428f-be89-21ca2373e81b,春秋胡氏傳附錄纂疏,经部,,,不详,錢孫愛,學者,收藏,蘇州府常熟縣,江蘇省張家港市,中國-江蘇-張家港,崇禎二年至約康熙二十六年,1629-1687,2,(卷前引用書目)<3d678609\pics\藏書印_錢孺飴讀書記.png>,曾程,44861,中國-江蘇-張家港
355,3d678609-87ca-428f-be89-21ca2373e81b,春秋胡氏傳附錄纂疏,经部,,,不详,汪啟淑,官員,收藏,杭州,浙江省杭州市,中國-浙江-杭州,雍正六年至嘉慶四年,1728-1799,3,(卷前先儒格言下)<3d678609\pics\藏書印_啟淑信印.png>,曾程,44861,中國-浙江-杭州
356,3d678609-87ca-428f-be89-21ca2373e81b,春秋胡氏傳附錄纂疏,经部,昌平坂學問所,昌平坂學問所,大學,,不详,,日本東京都忍岡,日本東京都台東區上野,日本-東京-文京-湯島,文化辛未及以後,1811,4,(卷1前葉)<3d678609\pics\藏書印_昌平坂學問所.png>,曾程,44861,日本-東京-文京-湯島
357,3d678609-87ca-428f-be89-21ca2373e81b,春秋胡氏傳附錄纂疏,经部,文化辛未,文化辛未,其他,,不详,,日本東京都忍岡,日本東京都台東區上野,日本-東京-台東-上野,,,4,(卷1前葉)<3d678609\pics\藏書印_文化辛未.png>,曾程,44861,日本-東京-台東-上野
358,3d678609-87ca-428f-be89-21ca2373e81b,春秋胡氏傳附錄纂疏,经部,大學,大學,不详,,不详,,日本東京都忍岡,日本東京都台東區上野,日本-東京-台東-上野,明治元年至明治四年,1868-1871,5,(卷1)<3d678609\pics\藏書印_大學藏書.png>,曾程,44861,日本-東京-台東-上野
359,3d678609-87ca-428f-be89-21ca2373e81b,春秋胡氏傳附錄纂疏,经部,書籍館,書籍館,公家,,不详,,日本東京都忍岡,日本東京都台東區上野,日本-東京-文京-湯島,明治五年至七年,1872-1874,6,(卷1)<3d678609\pics\藏書印_書籍館印.png>,曾程,44861,日本-東京-文京-湯島
360,3d678609-87ca-428f-be89-21ca2373e81b,春秋胡氏傳附錄纂疏,经部,淺草文庫,淺草文庫,公家,,不详,,日本東京都忍岡,日本東京都台東區上野,日本-東京-台東-藏前町,明治七年至明治十四年,1874-1881,7,(卷1)<3d678609\pics\藏書印_淺草文庫.png>,曾程,44861,日本-東京-台東-藏前町
361,3d678609-87ca-428f-be89-21ca2373e81b,春秋胡氏傳附錄纂疏,经部,内閣文庫,國立公文書館,公家,,不详,,日本東京都赤坂離宮,日本東京都港區赤坂離宮,日本-東京-千代田-北之丸公園,昭和八年之後,>1933,8,(卷1)<3d678609\pics\藏書印_日本政府圖書.png>,曾程,44861,日本-東京-千代田-北之丸公園
362,3d678609-87ca-428f-be89-21ca2373e81b,春秋胡氏傳附錄纂疏,经部,御府圖書,御府圖書,皇家,,不详,,,,日本,,,,(卷1)<3d678609\pics\藏書印_御府圖書.png>,曾程,44861,日本
363,3d678609-87ca-428f-be89-21ca2373e81b,春秋胡氏傳附錄纂疏,经部,宮内省圖書寮,宮内廳書陵部,皇家,,不详,,日本東京都千代田區皇居,日本東京都千代田區皇居,日本-東京-千代田-皇居,,,9,,曾程,44861,日本-東京-千代田-皇居
364,3fedb6e1-8dd4-44f7-b4c4-da00a34c00e0,誠齋集,集部,,,不详,楊萬里/楊長儒/羅茂良,不详,著/編/校勘,,,中國,南宋,1234,0,《日本宮內廳書陵部藏宋元版漢籍選刊》140,付碧雯,44859,中國
365,3fedb6e1-8dd4-44f7-b4c4-da00a34c00e2,誠齋集,集部,,,不详,,不详,批註,,,中國,,,2,(卷1)<3fedb/pics/題識_湘江曉.jpg>,付碧雯,44859,中國
366,3fedb6e1-8dd4-44f7-b4c4-da00a34c00e3,誠齋集,集部,宮内省圖書寮,宮内廳書陵部,皇家,,不详,收藏,日本東京,日本東京,日本-東京-千代田-皇居,明治年間,>1891,3,(目錄卷1)<3fedb/pics/藏書印_圖書寮印.jpg>,付碧雯,44859,日本-東京-千代田-皇居
367,3fedb6e1-8dd4-44f7-b4c4-da00a34c00e3,誠齋集,集部,宮内廳書陵部,宮内廳書陵部,皇家,,不详,收藏,日本東京,日本東京,日本-東京-千代田-皇居,昭和二十年後,>1945,4,(目錄卷1)<3fedb/pics/藏書印_圖書寮印.jpg>,付碧雯,44859,日本-東京-千代田-皇居
368,7323e6e7-0e3c-45f3-86cc-5506b5360ca1,誠齋先生南海集,集部,肇慶軍府,肇慶軍府,公家,劉渙,學者,刊刻,肇慶軍府,廣東肇慶,中國-廣東-肇慶,淳熙丙午十二月,=1186,0,書前序,付碧雯,2022年10月10日,中國-廣東-肇慶
369,7323e6e7-0e3c-45f3-86cc-5506b5360ca1,誠齋先生南海集,集部,佐伯藩,佐伯藩,私人,毛利高標,官員,,日本江戶時代九州地區豐后國海部郡佐伯藩,日本大分縣佐伯市,日本-大分-佐伯,天明年間,>1781,1,(卷首目錄)<7323E/pics/藏書印_佐伯侯毛利高標字培松藏書畫之印.jpg>,付碧雯,2022年10月10日,日本-大分-佐伯
370,7323e6e7-0e3c-45f3-86cc-5506b5360ca2,誠齋先生南海集,集部,佐伯藩,佐伯藩,私人,毛利高翰,官員,進獻,日本江戶時代九州地區豐后國海部郡佐伯藩,日本大分縣佐伯市,日本-大分-佐伯,文政十一年,>1828,2,圖書寮漢籍善本書目,付碧雯,2022年10月10日,日本-大分-佐伯
371,7323e6e7-0e3c-45f3-86cc-5506b5360ca2,誠齋先生南海集,集部,宮内省圖書寮,宮内廳書陵部,皇家,,不详,,日本東京,日本東京,日本-東京-千代田-皇居,,,3,(卷首目錄)<7323E/pics/藏書印_宮內省圖書印.jpg>,付碧雯,2022年10月10日,日本-東京-千代田-皇居
372,7323e6e7-0e3c-45f3-86cc-5506b5360ca3,誠齋先生南海集,集部,宮内廳書陵部,宮内廳書陵部,皇家,,不详,收藏,日本東京,日本東京,日本-東京-千代田-皇居,昭和二十年後,>1945,4,(卷首目錄)<7323E/pics/藏書印_宮內省圖書印.jpg>,付碧雯,44844,日本-東京-千代田-皇居
373,90b76791-ff7e-4f88-a13b-3ec2a6a47845,崔舍人玉堂類稿,集部,,,不详,崔敦诗,不详,著,浙江,浙江,中國-浙江,南宋,1168-1200,0,《日本宮內廳書陵部藏宋元版漢籍選刊》149,付碧雯,44854,中國-浙江
374,90b76791-ff7e-4f88-a13b-3ec2a6a47845,崔舍人玉堂類稿,集部,,,不详,,不详,,浙江,浙江中部,中國-浙江,南宋寧宗前期,1168-1200,1,附錄《柴栗山鑒定宋刊玉堂類稿記》,付碧雯,44854,中國-浙江
375,90b76791-ff7e-4f88-a13b-3ec2a6a47846,崔舍人玉堂類稿,集部,金澤文庫,金澤文庫,公家,上杉憲實,官員,收藏,日本神奈川,日本神奈川縣橫濱市金澤區金澤町,日本-神奈川-橫濱-金澤-金澤町,日本室町時代,>1410,2,(卷1)<90b76/pics/藏書印_金澤文庫.jpg>,付碧雯,44854,日本-神奈川-橫濱-金澤-金澤町
376,90b76791-ff7e-4f88-a13b-3ec2a6a47847,崔舍人玉堂類稿,集部,翫月堂,翫月堂,私人,小倉祐利,學者,收藏,日本東京,日本東京,日本-東京,亨和三年前,<1803,3,(附錄)<90b76/pics/題識_小倉名祐利.jpg>,付碧雯,44854,日本-東京
377,90b76791-ff7e-4f88-a13b-3ec2a6a47848,崔舍人玉堂類稿,集部,,,不详,柴邦彥,學者,觀閱,日本,日本東京,日本-東京,亨和三年,1803.09,4,(附錄)<90b76/pics/藏書印_柴邦彥.jpg>,付碧雯,44854,日本-東京
378,90b76791-ff7e-4f88-a13b-3ec2a6a47849,崔舍人玉堂類稿,集部,紅葉山文庫,紅葉山文庫,公家,,不详,,日本東京,日本東京,日本-東京-紅葉山,明治初,>1884,5,(卷1)<90b76/pics/藏書印_祕閣圖書之章.jpg>,付碧雯,44854,日本-東京-紅葉山
379,90b76791-ff7e-4f88-a13b-3ec2a6a47850,崔舍人玉堂類稿,集部,宮内省圖書寮,宮内廳書陵部,皇家,,不详,收藏,日本東京,日本東京,日本-東京-千代田-皇居,明治年间,>1891,6,(卷1)<90b76/pics/藏書印_宮內省圖書印.jpg>,付碧雯,44854,日本-東京-千代田-皇居
380,90b76791-ff7e-4f88-a13b-3ec2a6a47850,崔舍人玉堂類稿,集部,宮内廳書陵部,宮内廳書陵部,皇家,,不详,收藏,日本東京,日本東京,日本-東京-千代田-皇居,昭和二十年後,>1945,7,(卷1)<90b76/pics/藏書印_宮內省圖書印.jpg>,付碧雯,44854,日本-東京-千代田-皇居
381,0244621c-eeff-490d-9013-b35eb2f8944a,中州集,集部,真定,真定,其他,真定提學龍山趙候國寶,官員,資助刊刻,真定,河北正定,中國-河北-正定,1249年次己酉,1249,0,影印說明,付碧雯,44852,中國-河北-正定
382,0244621c-eeff-490d-9013-b35eb2f8944a,中州集,集部,,,不详,,不详,刊刻,,,中國,蒙古憲宗五年,1255,1,(總目)<02446/pics/題識_乙卯新刊.jpg>,付碧雯,44852,中國
383,0244621c-eeff-490d-9013-b35eb2f8945a,中州集,集部,圓德寺,圓德寺,寺廟,,不详,,日本岐阜,日本神奈川縣橫濱市金澤區金澤町,日本-神奈川-橫濱-金澤-金澤町,,,2?,(丙集)<02446/pics/藏書印_圓德寺.jpg>,付碧雯,44852,日本-神奈川-橫濱-金澤-金澤町
384,0244621c-eeff-490d-9013-b35eb2f8946a,中州集,集部,神宮寺,神宮寺,寺廟,,不详,,日本京都,日本京都八幡市,日本-京都-八幡,天和元年前,<1663,3,(丙集)<02446/pics/藏書印_石清水神宮寺大乘律院常住.jpg>,付碧雯,44852,日本-京都-八幡
385,0244621c-eeff-490d-9013-b35eb2f8947a,中州集,集部,建依別文庫,建依別文庫,私人,山内豊信,官員,收藏,日本土佐藩,日本四國高知縣,日本-四國-高知,弘化三年後,>1846,4,(丙集末)<02446/pics/藏書印_建依別文庫.jpg>,付碧雯,44852,日本-四國-高知
386,0244621c-eeff-490d-9013-b35eb2f8949a,中州集,集部,宮内省圖書寮,宮内廳書陵部,皇家,,不详,收藏,日本東京,日本東京,日本-東京-千代田-皇居,明治年間,>1891,5,(丙集)<02446/pics/藏書印_御庭.jpg>?,付碧雯,44852,日本-東京-千代田-皇居
387,0244621c-eeff-490d-9013-b35eb2f8949a,中州集,集部,宮内廳書陵部,宮内廳書陵部,皇家,,不详,收藏,日本東京,日本東京,日本-東京-千代田-皇居,昭和二十年後,>1945,6,(丙集)<02446/pics/藏書印_御庭.jpg>?,付碧雯,44852,日本-東京-千代田-皇居
388,fb9981f9-890e-427e-a15b-3d8de82ed7af,太平御覽,子部,,,不详,李昉,不详,纂,成都府學,四川成都,中國-四川-成都,南宋慶元六年/鐮倉時代/天正、文祿間,1199/1224-1333/1573-1596,0,《日本宮內廳書陵部藏宋元版漢籍選刊》74-100,于涵煦,44855,中國-四川-成都
389,fb9981f9-890e-427e-a15b-3d8de82ed7af,太平御覽,子部,金澤文庫,金澤文庫,公家,,不详,收藏,日本神奈川縣橫濱市金澤區金澤町,日本神奈川縣橫濱市金澤區金澤町,日本-神奈川-橫濱-金澤-金澤町,北条實時之後,>1224,1,(卷198)<FB9981F9/pics/藏書印_金澤文庫.jpg>,于涵煦,44856,日本-神奈川-橫濱-金澤-金澤町
390,fb9981f9-890e-427e-a15b-3d8de82ed7af,太平御覽,子部,相國寺,相國寺,寺廟,,不详,,日本京都府京都市上京區今出川通烏丸東入相國寺門前町,日本京都府京都市上京區今出川通烏丸東入相國寺門前町,日本-京都-上京,,,2,,于涵煦,44856,日本-京都-上京
391,fb9981f9-890e-427e-a15b-3d8de82ed7af,太平御覽,子部,楓山官庫,楓山官庫,不详,,不详,,日本東京,日本東京,日本-東京-千代田,,>1602,3,,于涵煦,44856,日本-東京-千代田
392,fb9981f9-890e-427e-a15b-3d8de82ed7af,太平御覽,子部,宮内省圖書寮,宮内廳書陵部,皇家,,不详,,日本東京,日本東京,日本-東京-千代田-皇居,1891,>1891,4,,于涵煦,44856,日本-東京-千代田-皇居
393,fb9981f9-890e-427e-a15b-3d8de82ed7af,太平御覽,子部,宮内廳書陵部,宮内廳書陵部,皇家,,不详,,日本東京,日本東京,日本-東京-千代田-皇居,,,5,,于涵煦,44856,日本-東京-千代田-皇居
394,42c00138-2fc8-4bc7-a342-fb3f1f3e63f9,天台陳先生類編花果卉木全芳備祖,子部,,,不详,陳景沂/祝穆,不详,編輯/訂正,建,福建,中國-福建,南宋,1127-1279,0,《日本宮內廳書陵部藏宋元版漢籍選刊》101,于涵煦,44838,中國-福建
395,42c00138-2fc8-4bc7-a342-fb3f1f3e63f9,天台陳先生類編花果卉木全芳備祖,子部,佐伯藩,佐伯藩,私人,毛利高標,官員,收藏,日本江戶時代九州地區豐后國海部郡佐伯藩,日本大分縣佐伯市,日本-大分-佐伯,寶曆五年至享和元年,1755-1801,1,(卷14)<42C00138/pics/藏書印_佐伯侯毛利高標字培松藏書畫之印.jpg>,于涵煦,44838,日本-大分-佐伯
396,42c00138-2fc8-4bc7-a342-fb3f1f3e63f9,天台陳先生類編花果卉木全芳備祖,子部,宮内省圖書寮,宮内廳書陵部,皇家,,不详,,日本東京,日本東京,日本-東京-千代田-皇居,明治初,>1884,2,(卷14)<42C00138/pics/藏書印_帝室圖書之章.jpg>,于涵煦,44838,日本-東京-千代田-皇居
397,42c00138-2fc8-4bc7-a342-fb3f1f3e63f9,天台陳先生類編花果卉木全芳備祖,子部,宮内廳書陵部,宮内廳書陵部,皇家,,不详,,日本東京,日本東京,日本-東京-千代田-皇居,,,,,于涵煦,44838,日本-東京-千代田-皇居
398,be33331a-908b-4a9d-bf56-71615ca03ae3,誠齋四六發遣膏馥,子部,,,不详,楊萬里/周公恕,不详,撰述/編類,建安,福建建甌,中國-福建-建甌,南宋/元末明初/江戶,1127-1279/1350-1390/1603-1868,0,《日本宮內廳書陵部藏宋元版漢籍選刊》102,于涵煦,44855,中國-福建-建甌
399,be33331a-908b-4a9d-bf56-71615ca03ae3,誠齋四六發遣膏馥,子部,佐伯藩,佐伯藩,私人,毛利高標,官員,收藏,日本江戶時代九州地區豐后國海部郡佐伯藩,日本大分縣佐伯市,日本-大分-佐伯,寶曆五年至享和元年,1755-1801,1,(總序)<BE33331A/pics/藏書印_佐伯侯毛利高標字培松藏書畫之印.jpg>,于涵煦,44855,日本-大分-佐伯
400,be33331a-908b-4a9d-bf56-71615ca03ae3,誠齋四六發遣膏馥,子部,宮内省圖書寮,宮内廳書陵部,皇家,,不详,,日本東京,日本東京,日本-東京-千代田-皇居,明治初,>1884,2,(總序)<BE33331A/pics/藏書印_祕閣圖書之章1.jpg>,于涵煦,44855,日本-東京-千代田-皇居
401,be33331a-908b-4a9d-bf56-71615ca03ae3,誠齋四六發遣膏馥,子部,宮内省圖書寮,宮内廳書陵部,皇家,,不详,,日本東京,日本東京,日本-東京-千代田-皇居,明治初,>1884,3,(總序)<BE33331A/pics/藏書印_祕閣圖書之章2.jpg>,于涵煦,44855,日本-東京-千代田-皇居
402,be33331a-908b-4a9d-bf56-71615ca03ae3,誠齋四六發遣膏馥,子部,宮内省圖書寮,宮内廳書陵部,皇家,,不详,,日本東京,日本東京,日本-東京-千代田-皇居,明治初,>1884,4,(總序)<BE33331A/pics/藏書印_宮內省圖書印.jpg>,于涵煦,44855,日本-東京-千代田-皇居
403,be33331a-908b-4a9d-bf56-71615ca03ae3,誠齋四六發遣膏馥,子部,宮内廳書陵部,宮内廳書陵部,皇家,,不详,,日本東京,日本東京,日本-東京-千代田-皇居,,,5,,于涵煦,44855,日本-東京-千代田-皇居
404,dce3d991-bb5e-4dac-8262-41e598bc1c99,纂圖增新群書類要類事林廣記,子部,,,不详,陳元靚,不详,編,建,福建,中國-福建,元順帝至元六年,1340,0,《日本宮內廳書陵部藏宋元版漢籍選刊》103-104,于涵煦,44855,中國-福建
405,dce3d991-bb5e-4dac-8262-41e598bc1c99,纂圖增新群書類要類事林廣記,子部,宮内省圖書寮,宮内廳書陵部,皇家,,不详,,日本東京,日本東京,日本-東京-千代田-皇居,明治初,>1884,1,(總序)<DCE3D991/pics/藏書印_御府圖書.jpg>,于涵煦,44855,日本-東京-千代田-皇居
406,dce3d991-bb5e-4dac-8262-41e598bc1c99,纂圖增新群書類要類事林廣記,子部,宮内廳書陵部,宮内廳書陵部,皇家,,不详,,日本東京,日本東京,日本-東京-千代田-皇居,,,2,,于涵煦,44855,日本-東京-千代田-皇居
407,90e83720-4be9-4a16-a450-52fcfec2a6d7,新編排韻增廣事類氏族大全,子部,,,不详,,不详,,建,福建,中國-福建,元,1271-1368,0,《日本宮內廳書陵部藏宋元版漢籍選刊》105,于涵煦,44856,中國-福建
408,90e83720-4be9-4a16-a450-52fcfec2a6d7,新編排韻增廣事類氏族大全,子部,,,不详,,不详,批校,,,中國,,,1,(卷4)<90E83720/pics/批校_尚父於周.jpg>,于涵煦,44855,中國
409,90e83720-4be9-4a16-a450-52fcfec2a6d7,新編排韻增廣事類氏族大全,子部,宮内廳書陵部,宮内廳書陵部,皇家,,不详,,日本東京,日本東京,日本-東京-千代田-皇居,,,2,,于涵煦,44855,日本-東京-千代田-皇居
410,ed368493-4b54-4a02-a1c8-c853ca14ce9d,集韻,经部,,,不详,丁度,不详,修定,金州,陝西安康,中國-陝西-安康,南宋,1187,0,《日本宮內廳書陵部藏宋元版漢籍選刊》27,呂淑嫻,44839,中國-陝西-安康
411,ed368493-4b54-4a02-a1c8-c853ca14ce9d,集韻,经部,金澤文庫,金澤文庫,公家,,不详,,日本神奈川縣橫濱市金澤區金澤町,日本神奈川縣橫濱市金澤區金澤町,日本-神奈川-橫濱-金澤-金澤町,北条實時之後,>1224,1,(卷2首)<ed368493/pics/藏書印_金澤文庫.jpg>,呂淑嫻,44839,日本-神奈川-橫濱-金澤-金澤町
412,ed368493-4b54-4a02-a1c8-c853ca14ce9d,集韻,经部,妙心寺,妙心寺,寺廟,,不详,,日本京都,日本京都府京都市右京區,日本-京都-右京,,,2,(卷2首)<ed368493/pics/藏書印_蟠桃院.jpg>,呂淑嫻,44840,日本-京都-右京
413,ed368493-4b54-4a02-a1c8-c853ca14ce9d,集韻,经部,佐伯藩,佐伯藩,私人,毛利高標,官員,收藏,日本江戶時代九州地區豐后國海部郡佐伯藩,日本大分縣佐伯市,日本-大分-佐伯,江戶後期,1755-1801,3,(卷2首)<ed368493/pics/藏書印_佐伯侯毛利高標字培松藏書畫之印.jpg>,呂淑嫻,44841,日本-大分-佐伯
414,ed368493-4b54-4a02-a1c8-c853ca14ce9d,集韻,经部,德川幕府,德川幕府,公家,德川幕府,不详,,日本江戶,日本東京,日本-東京,江戶後期,>1818,4,,呂淑嫻,44842,日本-東京
415,ed368493-4b54-4a02-a1c8-c853ca14ce9d,集韻,经部,太政官文庫,國立公文書館,公家,,不详,,日本東京,日本東京,日本-東京-千代田-北之丸公園,明治17年,1884,5,(卷2首)<ed368493/pics/藏書印_祕閣圖書之章.jpg>,呂淑嫻,44843,日本-東京-千代田-北之丸公園
416,ed368493-4b54-4a02-a1c8-c853ca14ce9d,集韻,经部,内閣文庫,國立公文書館,公家,,不详,,日本東京,日本東京,日本-東京-千代田-北之丸公園,明治18年,1885,6,,呂淑嫻,44844,日本-東京-千代田-北之丸公園
417,ed368493-4b54-4a02-a1c8-c853ca14ce9d,集韻,经部,宮内省圖書寮,宮内廳書陵部,皇家,,不详,,日本東京,日本東京,日本-東京-千代田-皇居,1891,>1891,7,(卷2首)<ed368493/pics/藏書印_帝室圖書之章.jpg>,呂淑嫻,44845,日本-東京-千代田-皇居
418,ed368493-4b54-4a02-a1c8-c853ca14ce9d,集韻,经部,宮内廳書陵部,宮内廳書陵部,皇家,,不详,,日本東京,日本東京都千代田區千代田1-1,日本-東京-千代田-皇居,1949,>1949,8,,呂淑嫻,44845,日本-東京-千代田-皇居
419,376a2ae0-4dee-11ed-bdc3-0242ac120002,諸病源候論,子部,,,不详,巢元方,不详,編撰,,,中國,南宋,>1127,0,"《日本宮內廳書陵部藏宋元版漢籍選刊》68, 69",呂淑嫻,44849,中國
420,376a2ae0-4dee-11ed-bdc3-0242ac120002,諸病源候論,子部,金澤文庫,金澤文庫,公家,,不详,,日本神奈川縣橫濱市金澤區金澤町,日本神奈川縣橫濱市金澤區金澤町,日本-神奈川-橫濱-金澤-金澤町,北条實時之後,>1224,1,(卷首)<376a2ae0/pics/藏書印_金澤文庫.jpg>,呂淑嫻,44849,日本-神奈川-橫濱-金澤-金澤町
421,376a2ae0-4dee-11ed-bdc3-0242ac120002,諸病源候論,子部,懷仙樓,懷仙樓,私人,曲直瀨養安院家,學者,收藏,日本江戶,日本東京,日本-東京,江戶時代,>1686,2,(卷首)<376a2ae0/pics/藏書印_養安院藏書.jpg>,呂淑嫻,44849,日本-東京
422,376a2ae0-4dee-11ed-bdc3-0242ac120002,諸病源候論,子部,,,不详,森立之,學者,收藏,日本江戶,日本東京,日本-東京,江戶明治之際,>1807,3,(卷首)<376a2ae0/pics/藏書印_森氏開萬冊府之記.jpg>,呂淑嫻,44849,日本-東京
423,376a2ae0-4dee-11ed-bdc3-0242ac120002,諸病源候論,子部,,,不详,山田業廣,學者,收藏,日本江戶,日本東京,日本-東京,江戶明治之際,>1808,4,(卷首)<376a2ae0/pics/藏書印_九折堂山田氏圖書之記.jpg>,呂淑嫻,44849,日本-東京
424,376a2ae0-4dee-11ed-bdc3-0242ac120002,諸病源候論,子部,太政官文庫,國立公文書館,公家,,不详,,日本東京,日本東京,日本-東京-千代田-北之丸公園,明治17年,1884,5,,呂淑嫻,44849,日本-東京-千代田-北之丸公園
425,376a2ae0-4dee-11ed-bdc3-0242ac120002,諸病源候論,子部,内閣文庫,國立公文書館,公家,,不详,,日本東京,日本東京,日本-東京-千代田-北之丸公園,明治18年,1885,6,,呂淑嫻,44849,日本-東京-千代田-北之丸公園
426,376a2ae0-4dee-11ed-bdc3-0242ac120002,諸病源候論,子部,宮内省圖書寮,宮内廳書陵部,皇家,,不详,,日本東京,日本東京,日本-東京-千代田-皇居,1891,>1891,7,(卷首)<376a2ae0/pics/藏書印_宮內省圖書印.jpg>,呂淑嫻,44849,日本-東京-千代田-皇居
427,376a2ae0-4dee-11ed-bdc3-0242ac120002,諸病源候論,子部,宮内廳書陵部,宮内廳書陵部,皇家,,不详,,日本東京,日本東京都千代田區千代田1-1,日本-東京-千代田-皇居,1949,>1949,8,,呂淑嫻,44849,日本-東京-千代田-皇居
428,376a2ae0-4dee-11ed-bdc3-0242ac120002,諸病源候論,子部,,,不详,,不详,描紅,,,日本,,,9,(卷首)<376a2ae0/pics/描紅.jpg>,呂淑嫻,44849,日本
429,376a2ae0-4dee-11ed-bdc3-0242ac120002,諸病源候論,子部,,,不详,,不详,批校,,,日本,,,10,(卷25)<376a2ae0/pics/批校.jpg>,呂淑嫻,44849,日本
430,268ad876-4eb8-11ed-bdc3-0242ac120002,程朱二先生周易傳義,经部,,,不详,董楷,不详,撰,中国福建建陽,中国福建建陽,中國-福建-建陽,元代,1314,0,《日本宮內廳書陵部藏宋元版漢籍選刊》01,呂淑嫻,44851,中國-福建-建陽
431,268ad876-4eb8-11ed-bdc3-0242ac120002,程朱二先生周易傳義,经部,昌平坂學問所,昌平坂學問所,大學,,不详,,日本江戶,日本東京,日本-東京-文京-湯島,寬永7年,>1630,1,(卷1末)<268ad876/pics/藏書印_昌平坂學問所.jpg>(卷5末)<268ad876/pics/藏書印_文化乙亥.jpg>,呂淑嫻,44851,日本-東京-文京-湯島
432,268ad876-4eb8-11ed-bdc3-0242ac120002,程朱二先生周易傳義,经部,書籍館,書籍館,公家,,不详,,日本東京,日本東京,日本-東京-文京-湯島,明治5年,~1872,2,(卷2首)<268ad876/pics/藏書印_書籍館印>,呂淑嫻,44852,日本-東京-文京-湯島
433,268ad876-4eb8-11ed-bdc3-0242ac120002,程朱二先生周易傳義,经部,淺草文庫,淺草文庫,公家,,不详,,日本東京,日本東京,日本-東京-台東-藏前町,明治7年,>1874,3,(卷2首)<268ad876/pics/藏書印_淺草文庫>,呂淑嫻,44853,日本-東京-台東-藏前町
434,268ad876-4eb8-11ed-bdc3-0242ac120002,程朱二先生周易傳義,经部,太政官文庫,國立公文書館,公家,,不详,,日本東京,日本東京,日本-東京-千代田-北之丸公園,明治17年,1884,4,,呂淑嫻,44854,日本-東京-千代田-北之丸公園
435,268ad876-4eb8-11ed-bdc3-0242ac120002,程朱二先生周易傳義,经部,内閣文庫,國立公文書館,公家,,不详,,日本東京,日本東京,日本-東京-千代田-北之丸公園,明治18年,1885,5,(卷1末)<268ad876/pics/藏書印_日本政府圖書>,呂淑嫻,44855,日本-東京-千代田-北之丸公園
436,268ad876-4eb8-11ed-bdc3-0242ac120002,程朱二先生周易傳義,经部,宮内省圖書寮,宮内廳書陵部,皇家,,不详,,日本東京,日本東京,日本-東京-千代田-皇居,明治24年,>1891,6,(卷4首)<268ad876/pics/藏書印_帝室圖書之章>,呂淑嫻,44856,日本-東京-千代田-皇居
437,268ad876-4eb8-11ed-bdc3-0242ac120002,程朱二先生周易傳義,经部,宮内廳書陵部,宮内廳書陵部,皇家,,不详,,日本東京,日本東京都千代田區千代田1-1,日本-東京-千代田-皇居,1949,>1949,7,,呂淑嫻,44857,日本-東京-千代田-皇居
438,268ad876-4eb8-11ed-bdc3-0242ac120002,程朱二先生周易傳義,经部,,,不详,,不详,批校,,,日本,,,8,(卷10)<268ad876/pics/批校.jpg>,呂淑嫻,44858,日本
439,268ad876-4eb8-11ed-bdc3-0242ac120002,程朱二先生周易傳義,经部,,,不详,,不详,,,,日本,,,9,(卷10末)<268ad876/pics/藏書印_未知印章.jpg>,呂淑嫻,44859,日本
440,268ad876-4eb8-11ed-bdc3-0242ac120002,程朱二先生周易傳義,经部,,,不详,,不详,,,,日本,,,10,(卷1首)<268ad876/pics/藏書印_未知印章2.jpg>,呂淑嫻,44859,日本
441,3e3d8322-4ed3-11ed-bdc3-0242ac120002,詩集傳音釋,集部,,,不详,許謙,不详,撰,中国福建建陽,中国福建建陽,中國-福建-建陽,元代,>1352,0,《日本宮內廳書陵部藏宋元版漢籍選刊》07,呂淑嫻,44852,中國-福建-建陽
442,3e3d8322-4ed3-11ed-bdc3-0242ac120002,詩集傳音釋,集部,昌平坂學問所,昌平坂學問所,大學,,不详,,日本江戶,日本東京,日本-東京-文京-湯島,寬永7年,>1630,1,(卷5末)<3e3d8322/pics/藏書印_昌平坂學問所.jpg>(卷8末)<3e3d8322/pics/藏書印_文政乙酉.jpg>,呂淑嫻,44852,日本-東京-文京-湯島
443,3e3d8322-4ed3-11ed-bdc3-0242ac120002,詩集傳音釋,集部,大學校,大學校,大學,,不详,,日本東京,日本東京,日本-東京-台東-上野,明治2年,>1869,2,(卷9首)<3e3d8322/pics/藏書印_大學校圖書之印.jpg>,呂淑嫻,44853,日本-東京-台東-上野
444,3e3d8322-4ed3-11ed-bdc3-0242ac120002,詩集傳音釋,集部,書籍館,書籍館,公家,,不详,,日本東京,日本東京,日本-東京-文京-湯島,明治5年,~1872,3,(卷1首)<3e3d8322/pics/藏書印_書籍館印.jpg>,呂淑嫻,44854,日本-東京-文京-湯島
445,3e3d8322-4ed3-11ed-bdc3-0242ac120002,詩集傳音釋,集部,淺草文庫,淺草文庫,公家,,不详,,日本東京,日本東京,日本-東京-台東-藏前町,明治7年,>1874,4,(卷6首)<3e3d8322/pics/藏書印_淺草文庫.jpg>,呂淑嫻,44855,日本-東京-台東-藏前町
446,3e3d8322-4ed3-11ed-bdc3-0242ac120002,詩集傳音釋,集部,太政官文庫,國立公文書館,公家,,不详,,日本東京,日本東京,日本-東京-千代田-北之丸公園,明治17年,1884,5,,呂淑嫻,44856,日本-東京-千代田-北之丸公園
447,3e3d8322-4ed3-11ed-bdc3-0242ac120002,詩集傳音釋,集部,内閣文庫,國立公文書館,公家,,不详,,日本東京,日本東京,日本-東京-千代田-北之丸公園,明治18年,1885,6,(卷2末)<3e3d8322/pics/藏書印_日本政府圖書.jpg>,呂淑嫻,44857,日本-東京-千代田-北之丸公園
448,3e3d8322-4ed3-11ed-bdc3-0242ac120002,詩集傳音釋,集部,宮内省圖書寮,宮内廳書陵部,皇家,,不详,,日本東京,日本東京,日本-東京-千代田-皇居,明治24年,>1891,7,,呂淑嫻,44858,日本-東京-千代田-皇居
449,3e3d8322-4ed3-11ed-bdc3-0242ac120002,詩集傳音釋,集部,宮内廳書陵部,宮内廳書陵部,皇家,,不详,,日本東京,日本東京都千代田區千代田1-1,日本-東京-千代田-皇居,1949,>1949,8,,呂淑嫻,44859,日本-東京-千代田-皇居
450,3e3d8322-4ed3-11ed-bdc3-0242ac120002,詩集傳音釋,集部,,,不详,,不详,,,,日本,明治時代,>1868,9,(卷9首)<3e3d8322/pics/藏書印_御府圖書.jpg>,呂淑嫻,44860,日本
451,3e3d8322-4ed3-11ed-bdc3-0242ac120002,詩集傳音釋,集部,,,不详,,不详,,,,日本,明治時代,>1868,10,(卷2)<3e3d8322/pics/批校.jpg>,呂淑嫻,44861,日本
452,455248a0-4ed3-11ed-bdc3-0242ac120002,古今韻會舉要,经部,,,不详,黃公紹/熊忠,不详,編撰/舉要,中国福建,中国福建,中國-福建,元代,>1335,0,"《日本宮內廳書陵部藏宋元版漢籍選刊》28, 29, 30",呂淑嫻,44854,中國-福建
453,455248a0-4ed3-11ed-bdc3-0242ac120002,古今韻會舉要,经部,佐伯藩,佐伯藩,私人,毛利高標,官員,收藏,日本江戶時代九州地區豐后國海部郡佐伯藩,日本大分縣佐伯市,日本-大分-佐伯, 江戶後期,1755-1801,1,(卷首)<455248a0/pics/藏書印_佐伯矦毛利高標字培松藏書畫之印.jpg>,呂淑嫻,44854,日本-大分-佐伯
454,455248a0-4ed3-11ed-bdc3-0242ac120002,古今韻會舉要,经部,德川幕府,德川幕府,公家,德川幕府,不详,,日本江戶,日本東京,日本-東京,江戶後期,>1801,2,,呂淑嫻,44854,日本-東京
455,455248a0-4ed3-11ed-bdc3-0242ac120002,古今韻會舉要,经部,太政官文庫,國立公文書館,公家,,不详,,日本東京,日本東京,日本-東京-千代田-北之丸公園,明治17年,1884,3,(卷6首)<455248a0/pics/藏書印_祕閣圖書之章.jpg>,呂淑嫻,44854,日本-東京-千代田-北之丸公園
456,455248a0-4ed3-11ed-bdc3-0242ac120002,古今韻會舉要,经部,内閣文庫,國立公文書館,公家,,不详,,日本東京,日本東京,日本-東京-千代田-北之丸公園,明治18年,1885,4,,呂淑嫻,44854,日本-東京-千代田-北之丸公園
457,455248a0-4ed3-11ed-bdc3-0242ac120002,古今韻會舉要,经部,宮内省圖書寮,宮内廳書陵部,皇家,,不详,,日本東京,日本東京,日本-東京-千代田-皇居,明治24年,>1891,5,(卷6首)<455248a0/pics/藏書印_帝室圖書之章.jpg>,呂淑嫻,44854,日本-東京-千代田-皇居
458,455248a0-4ed3-11ed-bdc3-0242ac120002,古今韻會舉要,经部,宮内廳書陵部,宮内廳書陵部,皇家,,不详,,日本東京,日本東京都千代田區千代田1-1,日本-東京-千代田-皇居,1949,>1949,6,,呂淑嫻,44854,日本-東京-千代田-皇居
